FIPS,STNAME,CTYNAME,POPESTIMATE2019
01,Alabama,Alabama,4903185
01001,Alabama,Autauga,55869
01003,Alabama,Baldwin,223234
01005,Alabama,Barbour,24686
01007,Alabama,Bibb,22394
01009,Alabama,Blount,57826
01011,Alabama,Bullock,10101
01013,Alabama,Butler,19448
01015,Alabama,Calhoun,113605
01017,Alabama,Chambers,33254
01019,Alabama,Cherokee,26196
01021,Alabama,Chilton,44428
01023,Alabama,Choctaw,12589
01025,Alabama,Clarke,23622
01027,Alabama,Clay,13235
01029,Alabama,Cleburne,14910
01031,Alabama,Coffee,52342
01033,Alabama,Colbert,55241
01035,Alabama,Conecuh,12067
01037,Alabama,Coosa,10663
01039,Alabama,Covington,37049
01041,Alabama,Crenshaw,13772
01043,Alabama,Cullman,83768
01045,Alabama,Dale,49172
01047,Alabama,Dallas,37196
01049,Alabama,DeKalb,71513
01051,Alabama,Elmore,81209
01053,Alabama,Escambia,36633
01055,Alabama,Etowah,102268
01057,Alabama,Fayette,16302
01059,Alabama,Franklin,31362
01061,Alabama,Geneva,26271
01063,Alabama,Greene,8111
01065,Alabama,Hale,14651
01067,Alabama,Henry,17205
01069,Alabama,Houston,105882
01071,Alabama,Jackson,51626
01073,Alabama,Jefferson,658573
01075,Alabama,Lamar,13805
01077,Alabama,Lauderdale,92729
01079,Alabama,Lawrence,32924
01081,Alabama,Lee,164542
01083,Alabama,Limestone,98915
01085,Alabama,Lowndes,9726
01087,Alabama,Macon,18068
01089,Alabama,Madison,372909
01091,Alabama,Marengo,18863
01093,Alabama,Marion,29709
01095,Alabama,Marshall,96774
01097,Alabama,Mobile,413210
01099,Alabama,Monroe,20733
01101,Alabama,Montgomery,226486
01103,Alabama,Morgan,119679
01105,Alabama,Perry,8923
01107,Alabama,Pickens,19930
01109,Alabama,Pike,33114
01111,Alabama,Randolph,22722
01113,Alabama,Russell,57961
01115,Alabama,St. Clair,89512
01117,Alabama,Shelby,217702
01119,Alabama,Sumter,12427
01121,Alabama,Talladega,79978
01123,Alabama,Tallapoosa,40367
01125,Alabama,Tuscaloosa,209355
01127,Alabama,Walker,63521
01129,Alabama,Washington,16326
01131,Alabama,Wilcox,10373
01133,Alabama,Winston,23629
02,Alaska,Alaska,731545
02013,Alaska,Aleutians East Borough,3337
02016,Alaska,Aleutians West Census Area,5634
02020,Alaska,Anchorage Municipality,288000
02050,Alaska,Bethel Census Area,18386
02060,Alaska,Bristol Bay Borough,836
02068,Alaska,Denali Borough,2097
02070,Alaska,Dillingham Census Area,4916
02090,Alaska,Fairbanks North Star Borough,96849
02100,Alaska,Haines Borough,2530
02105,Alaska,Hoonah-Angoon Census Area,2148
02110,Alaska,Juneau City and Borough,31974
02122,Alaska,Kenai Peninsula Borough,58708
02130,Alaska,Ketchikan Gateway Borough,13901
02150,Alaska,Kodiak Island Borough,12998
02158,Alaska,Kusilvak Census Area,8314
02164,Alaska,Lake and Peninsula Borough,1592
02170,Alaska,Matanuska-Susitna Borough,108317
02180,Alaska,Nome Census Area,10004
02185,Alaska,North Slope Borough,9832
02188,Alaska,Northwest Arctic Borough,7621
02195,Alaska,Petersburg Borough,3266
02198,Alaska,Prince of Wales-Hyder Census Area,6203
02220,Alaska,Sitka City and Borough,8493
02230,Alaska,Skagway Municipality,1183
02240,Alaska,Southeast Fairbanks Census Area,6893
02261,Alaska,Valdez-Cordova Census Area,9202
02275,Alaska,Wrangell City and Borough,2502
02282,Alaska,Yakutat City and Borough,579
02290,Alaska,Yukon-Koyukuk Census Area,5230
04,Arizona,Arizona,7278717
04001,Arizona,Apache,71887
04003,Arizona,Cochise,125922
04005,Arizona,Coconino,143476
04007,Arizona,Gila,54018
04009,Arizona,Graham,38837
04011,Arizona,Greenlee,9498
04012,Arizona,La Paz,21108
04013,Arizona,Maricopa,4485414
04015,Arizona,Mohave,212181
04017,Arizona,Navajo,110924
04019,Arizona,Pima,1047279
04021,Arizona,Pinal,462789
04023,Arizona,Santa Cruz,46498
04025,Arizona,Yavapai,235099
04027,Arizona,Yuma,213787
05,Arkansas,Arkansas,3017804
05001,Arkansas,Arkansas,17486
05003,Arkansas,Ashley,19657
05005,Arkansas,Baxter,41932
05007,Arkansas,Benton,279141
05009,Arkansas,Boone,37432
05011,Arkansas,Bradley,10763
05013,Arkansas,Calhoun,5189
05015,Arkansas,Carroll,28380
05017,Arkansas,Chicot,10118
05019,Arkansas,Clark,22320
05021,Arkansas,Clay,14551
05023,Arkansas,Cleburne,24919
05025,Arkansas,Cleveland,7956
05027,Arkansas,Columbia,23457
05029,Arkansas,Conway,20846
05031,Arkansas,Craighead,110332
05033,Arkansas,Crawford,63257
05035,Arkansas,Crittenden,47955
05037,Arkansas,Cross,16419
05039,Arkansas,Dallas,7009
05041,Arkansas,Desha,11361
05043,Arkansas,Drew,18219
05045,Arkansas,Faulkner,126007
05047,Arkansas,Franklin,17715
05049,Arkansas,Fulton,12477
05051,Arkansas,Garland,99386
05053,Arkansas,Grant,18265
05055,Arkansas,Greene,45325
05057,Arkansas,Hempstead,21532
05059,Arkansas,Hot Spring,33771
05061,Arkansas,Howard,13202
05063,Arkansas,Independence,37825
05065,Arkansas,Izard,13629
05067,Arkansas,Jackson,16719
05069,Arkansas,Jefferson,66824
05071,Arkansas,Johnson,26578
05073,Arkansas,Lafayette,6624
05075,Arkansas,Lawrence,16406
05077,Arkansas,Lee,8857
05079,Arkansas,Lincoln,13024
05081,Arkansas,Little River,12259
05083,Arkansas,Logan,21466
05085,Arkansas,Lonoke,73309
05087,Arkansas,Madison,16576
05089,Arkansas,Marion,16694
05091,Arkansas,Miller,43257
05093,Arkansas,Mississippi,40651
05095,Arkansas,Monroe,6701
05097,Arkansas,Montgomery,8986
05099,Arkansas,Nevada,8252
05101,Arkansas,Newton,7753
05103,Arkansas,Ouachita,23382
05105,Arkansas,Perry,10455
05107,Arkansas,Phillips,17782
05109,Arkansas,Pike,10718
05111,Arkansas,Poinsett,23528
05113,Arkansas,Polk,19964
05115,Arkansas,Pope,64072
05117,Arkansas,Prairie,8062
05119,Arkansas,Pulaski,391911
05121,Arkansas,Randolph,17958
05123,Arkansas,St. Francis,24994
05125,Arkansas,Saline,122437
05127,Arkansas,Scott,10281
05129,Arkansas,Searcy,7881
05131,Arkansas,Sebastian,127827
05133,Arkansas,Sevier,17007
05135,Arkansas,Sharp,17442
05137,Arkansas,Stone,12506
05139,Arkansas,Union,38682
05141,Arkansas,Van Buren,16545
05143,Arkansas,Washington,239187
05145,Arkansas,White,78753
05147,Arkansas,Woodruff,6320
05149,Arkansas,Yell,21341
06,California,California,39512223
06001,California,Alameda,1671329
06003,California,Alpine,1129
06005,California,Amador,39752
06007,California,Butte,219186
06009,California,Calaveras,45905
06011,California,Colusa,21547
06013,California,Contra Costa,1153526
06015,California,Del Norte,27812
06017,California,El Dorado,192843
06019,California,Fresno,999101
06021,California,Glenn,28393
06023,California,Humboldt,135558
06025,California,Imperial,181215
06027,California,Inyo,18039
06029,California,Kern,900202
06031,California,Kings,152940
06033,California,Lake,64386
06035,California,Lassen,30573
06037,California,Los Angeles,10039107
06039,California,Madera,157327
06041,California,Marin,258826
06043,California,Mariposa,17203
06045,California,Mendocino,86749
06047,California,Merced,277680
06049,California,Modoc,8841
06051,California,Mono,14444
06053,California,Monterey,434061
06055,California,Napa,137744
06057,California,Nevada,99755
06059,California,Orange,3175692
06061,California,Placer,398329
06063,California,Plumas,18807
06065,California,Riverside,2470546
06067,California,Sacramento,1552058
06069,California,San Benito,62808
06071,California,San Bernardino,2180085
06073,California,San Diego,3338330
06075,California,San Francisco,881549
06077,California,San Joaquin,762148
06079,California,San Luis Obispo,283111
06081,California,San Mateo,766573
06083,California,Santa Barbara,446499
06085,California,Santa Clara,1927852
06087,California,Santa Cruz,273213
06089,California,Shasta,180080
06091,California,Sierra,3005
06093,California,Siskiyou,43539
06095,California,Solano,447643
06097,California,Sonoma,494336
06099,California,Stanislaus,550660
06101,California,Sutter,96971
06103,California,Tehama,65084
06105,California,Trinity,12285
06107,California,Tulare,466195
06109,California,Tuolumne,54478
06111,California,Ventura,846006
06113,California,Yolo,220500
06115,California,Yuba,78668
08,Colorado,Colorado,5758736
08001,Colorado,Adams,517421
08003,Colorado,Alamosa,16233
08005,Colorado,Arapahoe,656590
08007,Colorado,Archuleta,14029
08009,Colorado,Baca,3581
08011,Colorado,Bent,5577
08013,Colorado,Boulder,326196
08014,Colorado,Broomfield,70465
08015,Colorado,Chaffee,20356
08017,Colorado,Cheyenne,1831
08019,Colorado,Clear Creek,9700
08021,Colorado,Conejos,8205
08023,Colorado,Costilla,3887
08025,Colorado,Crowley,6061
08027,Colorado,Custer,5068
08029,Colorado,Delta,31162
08031,Colorado,Denver,727211
08033,Colorado,Dolores,2055
08035,Colorado,Douglas,351154
08037,Colorado,Eagle,55127
08039,Colorado,Elbert,26729
08041,Colorado,El Paso,720403
08043,Colorado,Fremont,47839
08045,Colorado,Garfield,60061
08047,Colorado,Gilpin,6243
08049,Colorado,Grand,15734
08051,Colorado,Gunnison,17462
08053,Colorado,Hinsdale,820
08055,Colorado,Huerfano,6897
08057,Colorado,Jackson,1392
08059,Colorado,Jefferson,582881
08061,Colorado,Kiowa,1406
08063,Colorado,Kit Carson,7097
08065,Colorado,Lake,8127
08067,Colorado,La Plata,56221
08069,Colorado,Larimer,356899
08071,Colorado,Las Animas,14506
08073,Colorado,Lincoln,5701
08075,Colorado,Logan,22409
08077,Colorado,Mesa,154210
08079,Colorado,Mineral,769
08081,Colorado,Moffat,13283
08083,Colorado,Montezuma,26183
08085,Colorado,Montrose,42758
08087,Colorado,Morgan,29068
08089,Colorado,Otero,18278
08091,Colorado,Ouray,4952
08093,Colorado,Park,18845
08095,Colorado,Phillips,4265
08097,Colorado,Pitkin,17767
08099,Colorado,Prowers,12172
08101,Colorado,Pueblo,168424
08103,Colorado,Rio Blanco,6324
08105,Colorado,Rio Grande,11267
08107,Colorado,Routt,25638
08109,Colorado,Saguache,6824
08111,Colorado,San Juan,728
08113,Colorado,San Miguel,8179
08115,Colorado,Sedgwick,2248
08117,Colorado,Summit,31011
08119,Colorado,Teller,25388
08121,Colorado,Washington,4908
08123,Colorado,Weld,324492
08125,Colorado,Yuma,10019
09,Connecticut,Connecticut,3565287
09001,Connecticut,Fairfield,943332
09003,Connecticut,Hartford,891720
09005,Connecticut,Litchfield,180333
09007,Connecticut,Middlesex,162436
09009,Connecticut,New Haven,854757
09011,Connecticut,New London,265206
09013,Connecticut,Tolland,150721
09015,Connecticut,Windham,116782
10,Delaware,Delaware,973764
10001,Delaware,Kent,180786
10003,Delaware,New Castle,558753
10005,Delaware,Sussex,234225
11,District of Columbia,District of Columbia,705749
11001,District of Columbia,District of Columbia,705749
12,Florida,Florida,21477737
12001,Florida,Alachua,269043
12003,Florida,Baker,29210
12005,Florida,Bay,174705
12007,Florida,Bradford,28201
12009,Florida,Brevard,601942
12011,Florida,Broward,1952778
12013,Florida,Calhoun,14105
12015,Florida,Charlotte,188910
12017,Florida,Citrus,149657
12019,Florida,Clay,219252
12021,Florida,Collier,384902
12023,Florida,Columbia,71686
12027,Florida,DeSoto,38001
12029,Florida,Dixie,16826
12031,Florida,Duval,957755
12033,Florida,Escambia,318316
12035,Florida,Flagler,115081
12037,Florida,Franklin,12125
12039,Florida,Gadsden,45660
12041,Florida,Gilchrist,18582
12043,Florida,Glades,13811
12045,Florida,Gulf,13639
12047,Florida,Hamilton,14428
12049,Florida,Hardee,26937
12051,Florida,Hendry,42022
12053,Florida,Hernando,193920
12055,Florida,Highlands,106221
12057,Florida,Hillsborough,1471968
12059,Florida,Holmes,19617
12061,Florida,Indian River,159923
12063,Florida,Jackson,46414
12065,Florida,Jefferson,14246
12067,Florida,Lafayette,8422
12069,Florida,Lake,367118
12071,Florida,Lee,770577
12073,Florida,Leon,293582
12075,Florida,Levy,41503
12077,Florida,Liberty,8354
12079,Florida,Madison,18493
12081,Florida,Manatee,403253
12083,Florida,Marion,365579
12085,Florida,Martin,161000
12086,Florida,Miami-Dade,2716940
12087,Florida,Monroe,74228
12089,Florida,Nassau,88625
12091,Florida,Okaloosa,210738
12093,Florida,Okeechobee,42168
12095,Florida,Orange,1393452
12097,Florida,Osceola,375751
12099,Florida,Palm Beach,1496770
12101,Florida,Pasco,553947
12103,Florida,Pinellas,974996
12105,Florida,Polk,724777
12107,Florida,Putnam,74521
12109,Florida,St. Johns,264672
12111,Florida,St. Lucie,328297
12113,Florida,Santa Rosa,184313
12115,Florida,Sarasota,433742
12117,Florida,Seminole,471826
12119,Florida,Sumter,132420
12121,Florida,Suwannee,44417
12123,Florida,Taylor,21569
12125,Florida,Union,15237
12127,Florida,Volusia,553284
12129,Florida,Wakulla,33739
12131,Florida,Walton,74071
12133,Florida,Washington,25473
13,Georgia,Georgia,10617423
13001,Georgia,Appling,18386
13003,Georgia,Atkinson,8165
13005,Georgia,Bacon,11164
13007,Georgia,Baker,3038
13009,Georgia,Baldwin,44890
13011,Georgia,Banks,19234
13013,Georgia,Barrow,83240
13015,Georgia,Bartow,107738
13017,Georgia,Ben Hill,16700
13019,Georgia,Berrien,19397
13021,Georgia,Bibb,153159
13023,Georgia,Bleckley,12873
13025,Georgia,Brantley,19109
13027,Georgia,Brooks,15457
13029,Georgia,Bryan,39627
13031,Georgia,Bulloch,79608
13033,Georgia,Burke,22383
13035,Georgia,Butts,24936
13037,Georgia,Calhoun,6189
13039,Georgia,Camden,54666
13043,Georgia,Candler,10803
13045,Georgia,Carroll,119992
13047,Georgia,Catoosa,67580
13049,Georgia,Charlton,13392
13051,Georgia,Chatham,289430
13053,Georgia,Chattahoochee,10907
13055,Georgia,Chattooga,24789
13057,Georgia,Cherokee,258773
13059,Georgia,Clarke,128331
13061,Georgia,Clay,2834
13063,Georgia,Clayton,292256
13065,Georgia,Clinch,6618
13067,Georgia,Cobb,760141
13069,Georgia,Coffee,43273
13071,Georgia,Colquitt,45600
13073,Georgia,Columbia,156714
13075,Georgia,Cook,17270
13077,Georgia,Coweta,148509
13079,Georgia,Crawford,12404
13081,Georgia,Crisp,22372
13083,Georgia,Dade,16116
13085,Georgia,Dawson,26108
13087,Georgia,Decatur,26404
13089,Georgia,DeKalb,759297
13091,Georgia,Dodge,20605
13093,Georgia,Dooly,13390
13095,Georgia,Dougherty,87956
13097,Georgia,Douglas,146343
13099,Georgia,Early,10190
13101,Georgia,Echols,4006
13103,Georgia,Effingham,64296
13105,Georgia,Elbert,19194
13107,Georgia,Emanuel,22646
13109,Georgia,Evans,10654
13111,Georgia,Fannin,26188
13113,Georgia,Fayette,114421
13115,Georgia,Floyd,98498
13117,Georgia,Forsyth,244252
13119,Georgia,Franklin,23349
13121,Georgia,Fulton,1063937
13123,Georgia,Gilmer,31369
13125,Georgia,Glascock,2971
13127,Georgia,Glynn,85292
13129,Georgia,Gordon,57963
13131,Georgia,Grady,24633
13133,Georgia,Greene,18324
13135,Georgia,Gwinnett,936250
13137,Georgia,Habersham,45328
13139,Georgia,Hall,204441
13141,Georgia,Hancock,8457
13143,Georgia,Haralson,29792
13145,Georgia,Harris,35236
13147,Georgia,Hart,26205
13149,Georgia,Heard,11923
13151,Georgia,Henry,234561
13153,Georgia,Houston,157863
13155,Georgia,Irwin,9416
13157,Georgia,Jackson,72977
13159,Georgia,Jasper,14219
13161,Georgia,Jeff Davis,15115
13163,Georgia,Jefferson,15362
13165,Georgia,Jenkins,8676
13167,Georgia,Johnson,9643
13169,Georgia,Jones,28735
13171,Georgia,Lamar,19077
13173,Georgia,Lanier,10423
13175,Georgia,Laurens,47546
13177,Georgia,Lee,29992
13179,Georgia,Liberty,61435
13181,Georgia,Lincoln,7921
13183,Georgia,Long,19559
13185,Georgia,Lowndes,117406
13187,Georgia,Lumpkin,33610
13189,Georgia,McDuffie,21312
13191,Georgia,McIntosh,14378
13193,Georgia,Macon,12947
13195,Georgia,Madison,29880
13197,Georgia,Marion,8359
13199,Georgia,Meriwether,21167
13201,Georgia,Miller,5718
13205,Georgia,Mitchell,21863
13207,Georgia,Monroe,27578
13209,Georgia,Montgomery,9172
13211,Georgia,Morgan,19276
13213,Georgia,Murray,40096
13215,Georgia,Muscogee,195769
13217,Georgia,Newton,111744
13219,Georgia,Oconee,40280
13221,Georgia,Oglethorpe,15259
13223,Georgia,Paulding,168667
13225,Georgia,Peach,27546
13227,Georgia,Pickens,32591
13229,Georgia,Pierce,19465
13231,Georgia,Pike,18962
13233,Georgia,Polk,42613
13235,Georgia,Pulaski,11137
13237,Georgia,Putnam,22119
13239,Georgia,Quitman,2299
13241,Georgia,Rabun,17137
13243,Georgia,Randolph,6778
13245,Georgia,Richmond,202518
13247,Georgia,Rockdale,90896
13249,Georgia,Schley,5257
13251,Georgia,Screven,13966
13253,Georgia,Seminole,8090
13255,Georgia,Spalding,66703
13257,Georgia,Stephens,25925
13259,Georgia,Stewart,6621
13261,Georgia,Sumter,29524
13263,Georgia,Talbot,6195
13265,Georgia,Taliaferro,1537
13267,Georgia,Tattnall,25286
13269,Georgia,Taylor,8020
13271,Georgia,Telfair,15860
13273,Georgia,Terrell,8531
13275,Georgia,Thomas,44451
13277,Georgia,Tift,40644
13279,Georgia,Toombs,26830
13281,Georgia,Towns,12037
13283,Georgia,Treutlen,6901
13285,Georgia,Troup,69922
13287,Georgia,Turner,7985
13289,Georgia,Twiggs,8120
13291,Georgia,Union,24511
13293,Georgia,Upson,26320
13295,Georgia,Walker,69761
13297,Georgia,Walton,94593
13299,Georgia,Ware,35734
13301,Georgia,Warren,5254
13303,Georgia,Washington,20374
13305,Georgia,Wayne,29927
13307,Georgia,Webster,2607
13309,Georgia,Wheeler,7855
13311,Georgia,White,30798
13313,Georgia,Whitfield,104628
13315,Georgia,Wilcox,8635
13317,Georgia,Wilkes,9777
13319,Georgia,Wilkinson,8954
13321,Georgia,Worth,20247
15,Hawaii,Hawaii,1415872
15001,Hawaii,Hawaii,201513
15003,Hawaii,Honolulu,974563
15005,Hawaii,Kalawao,86
15007,Hawaii,Kauai,72293
15009,Hawaii,Maui,167417
16,Idaho,Idaho,1787065
16001,Idaho,Ada,481587
16003,Idaho,Adams,4294
16005,Idaho,Bannock,87808
16007,Idaho,Bear Lake,6125
16009,Idaho,Benewah,9298
16011,Idaho,Bingham,46811
16013,Idaho,Blaine,23021
16015,Idaho,Boise,7831
16017,Idaho,Bonner,45739
16019,Idaho,Bonneville,119062
16021,Idaho,Boundary,12245
16023,Idaho,Butte,2597
16025,Idaho,Camas,1106
16027,Idaho,Canyon,229849
16029,Idaho,Caribou,7155
16031,Idaho,Cassia,24030
16033,Idaho,Clark,845
16035,Idaho,Clearwater,8756
16037,Idaho,Custer,4315
16039,Idaho,Elmore,27511
16041,Idaho,Franklin,13876
16043,Idaho,Fremont,13099
16045,Idaho,Gem,18112
16047,Idaho,Gooding,15179
16049,Idaho,Idaho,16667
16051,Idaho,Jefferson,29871
16053,Idaho,Jerome,24412
16055,Idaho,Kootenai,165697
16057,Idaho,Latah,40108
16059,Idaho,Lemhi,8027
16061,Idaho,Lewis,3838
16063,Idaho,Lincoln,5366
16065,Idaho,Madison,39907
16067,Idaho,Minidoka,21039
16069,Idaho,Nez Perce,40408
16071,Idaho,Oneida,4531
16073,Idaho,Owyhee,11823
16075,Idaho,Payette,23951
16077,Idaho,Power,7681
16079,Idaho,Shoshone,12882
16081,Idaho,Teton,12142
16083,Idaho,Twin Falls,86878
16085,Idaho,Valley,11392
16087,Idaho,Washington,10194
17,Illinois,Illinois,12671821
17001,Illinois,Adams,65435
17003,Illinois,Alexander,5761
17005,Illinois,Bond,16426
17007,Illinois,Boone,53544
17009,Illinois,Brown,6578
17011,Illinois,Bureau,32628
17013,Illinois,Calhoun,4739
17015,Illinois,Carroll,14305
17017,Illinois,Cass,12147
17019,Illinois,Champaign,209689
17021,Illinois,Christian,32304
17023,Illinois,Clark,15441
17025,Illinois,Clay,13184
17027,Illinois,Clinton,37562
17029,Illinois,Coles,50621
17031,Illinois,Cook,5150233
17033,Illinois,Crawford,18667
17035,Illinois,Cumberland,10766
17037,Illinois,DeKalb,104897
17039,Illinois,De Witt,15638
17041,Illinois,Douglas,19465
17043,Illinois,DuPage,922921
17045,Illinois,Edgar,17161
17047,Illinois,Edwards,6395
17049,Illinois,Effingham,34008
17051,Illinois,Fayette,21336
17053,Illinois,Ford,12961
17055,Illinois,Franklin,38469
17057,Illinois,Fulton,34340
17059,Illinois,Gallatin,4828
17061,Illinois,Greene,12969
17063,Illinois,Grundy,51054
17065,Illinois,Hamilton,8116
17067,Illinois,Hancock,17708
17069,Illinois,Hardin,3821
17071,Illinois,Henderson,6646
17073,Illinois,Henry,48913
17075,Illinois,Iroquois,27114
17077,Illinois,Jackson,56750
17079,Illinois,Jasper,9610
17081,Illinois,Jefferson,37684
17083,Illinois,Jersey,21773
17085,Illinois,Jo Daviess,21235
17087,Illinois,Johnson,12417
17089,Illinois,Kane,532403
17091,Illinois,Kankakee,109862
17093,Illinois,Kendall,128990
17095,Illinois,Knox,49699
17097,Illinois,Lake,696535
17099,Illinois,LaSalle,108669
17101,Illinois,Lawrence,15678
17103,Illinois,Lee,34096
17105,Illinois,Livingston,35648
17107,Illinois,Logan,28618
17109,Illinois,McDonough,29682
17111,Illinois,McHenry,307774
17113,Illinois,McLean,171517
17115,Illinois,Macon,104009
17117,Illinois,Macoupin,44926
17119,Illinois,Madison,262966
17121,Illinois,Marion,37205
17123,Illinois,Marshall,11438
17125,Illinois,Mason,13359
17127,Illinois,Massac,13772
17129,Illinois,Menard,12196
17131,Illinois,Mercer,15437
17133,Illinois,Monroe,34637
17135,Illinois,Montgomery,28414
17137,Illinois,Morgan,33658
17139,Illinois,Moultrie,14501
17141,Illinois,Ogle,50643
17143,Illinois,Peoria,179179
17145,Illinois,Perry,20916
17147,Illinois,Piatt,16344
17149,Illinois,Pike,15561
17151,Illinois,Pope,4177
17153,Illinois,Pulaski,5335
17155,Illinois,Putnam,5739
17157,Illinois,Randolph,31782
17159,Illinois,Richland,15513
17161,Illinois,Rock Island,141879
17163,Illinois,St. Clair,259686
17165,Illinois,Saline,23491
17167,Illinois,Sangamon,194672
17169,Illinois,Schuyler,6768
17171,Illinois,Scott,4951
17173,Illinois,Shelby,21634
17175,Illinois,Stark,5342
17177,Illinois,Stephenson,44498
17179,Illinois,Tazewell,131803
17181,Illinois,Union,16653
17183,Illinois,Vermilion,75758
17185,Illinois,Wabash,11520
17187,Illinois,Warren,16844
17189,Illinois,Washington,13887
17191,Illinois,Wayne,16215
17193,Illinois,White,13537
17195,Illinois,Whiteside,55175
17197,Illinois,Will,690743
17199,Illinois,Williamson,66597
17201,Illinois,Winnebago,282572
17203,Illinois,Woodford,38459
18,Indiana,Indiana,6732219
18001,Indiana,Adams,35777
18003,Indiana,Allen,379299
18005,Indiana,Bartholomew,83779
18007,Indiana,Benton,8748
18009,Indiana,Blackford,11758
18011,Indiana,Boone,67843
18013,Indiana,Brown,15092
18015,Indiana,Carroll,20257
18017,Indiana,Cass,37689
18019,Indiana,Clark,118302
18021,Indiana,Clay,26225
18023,Indiana,Clinton,32399
18025,Indiana,Crawford,10577
18027,Indiana,Daviess,33351
18029,Indiana,Dearborn,49458
18031,Indiana,Decatur,26559
18033,Indiana,DeKalb,43475
18035,Indiana,Delaware,114135
18037,Indiana,Dubois,42736
18039,Indiana,Elkhart,206341
18041,Indiana,Fayette,23102
18043,Indiana,Floyd,78522
18045,Indiana,Fountain,16346
18047,Indiana,Franklin,22758
18049,Indiana,Fulton,19974
18051,Indiana,Gibson,33659
18053,Indiana,Grant,65769
18055,Indiana,Greene,31922
18057,Indiana,Hamilton,338011
18059,Indiana,Hancock,78168
18061,Indiana,Harrison,40515
18063,Indiana,Hendricks,170311
18065,Indiana,Henry,47972
18067,Indiana,Howard,82544
18069,Indiana,Huntington,36520
18071,Indiana,Jackson,44231
18073,Indiana,Jasper,33562
18075,Indiana,Jay,20436
18077,Indiana,Jefferson,32308
18079,Indiana,Jennings,27735
18081,Indiana,Johnson,158167
18083,Indiana,Knox,36594
18085,Indiana,Kosciusko,79456
18087,Indiana,LaGrange,39614
18089,Indiana,Lake,485493
18091,Indiana,LaPorte,109888
18093,Indiana,Lawrence,45370
18095,Indiana,Madison,129569
18097,Indiana,Marion,964582
18099,Indiana,Marshall,46258
18101,Indiana,Martin,10255
18103,Indiana,Miami,35516
18105,Indiana,Monroe,148431
18107,Indiana,Montgomery,38338
18109,Indiana,Morgan,70489
18111,Indiana,Newton,13984
18113,Indiana,Noble,47744
18115,Indiana,Ohio,5875
18117,Indiana,Orange,19646
18119,Indiana,Owen,20799
18121,Indiana,Parke,16937
18123,Indiana,Perry,19169
18125,Indiana,Pike,12389
18127,Indiana,Porter,170389
18129,Indiana,Posey,25427
18131,Indiana,Pulaski,12353
18133,Indiana,Putnam,37576
18135,Indiana,Randolph,24665
18137,Indiana,Ripley,28324
18139,Indiana,Rush,16581
18141,Indiana,St. Joseph,271826
18143,Indiana,Scott,23873
18145,Indiana,Shelby,44729
18147,Indiana,Spencer,20277
18149,Indiana,Starke,22995
18151,Indiana,Steuben,34594
18153,Indiana,Sullivan,20669
18155,Indiana,Switzerland,10751
18157,Indiana,Tippecanoe,195732
18159,Indiana,Tipton,15148
18161,Indiana,Union,7054
18163,Indiana,Vanderburgh,181451
18165,Indiana,Vermillion,15498
18167,Indiana,Vigo,107038
18169,Indiana,Wabash,30996
18171,Indiana,Warren,8265
18173,Indiana,Warrick,62998
18175,Indiana,Washington,28036
18177,Indiana,Wayne,65884
18179,Indiana,Wells,28296
18181,Indiana,White,24102
18183,Indiana,Whitley,33964
19,Iowa,Iowa,3155070
19001,Iowa,Adair,7152
19003,Iowa,Adams,3602
19005,Iowa,Allamakee,13687
19007,Iowa,Appanoose,12426
19009,Iowa,Audubon,5496
19011,Iowa,Benton,25645
19013,Iowa,Black Hawk,131228
19015,Iowa,Boone,26234
19017,Iowa,Bremer,25062
19019,Iowa,Buchanan,21175
19021,Iowa,Buena Vista,19620
19023,Iowa,Butler,14439
19025,Iowa,Calhoun,9668
19027,Iowa,Carroll,20165
19029,Iowa,Cass,12836
19031,Iowa,Cedar,18627
19033,Iowa,Cerro Gordo,42450
19035,Iowa,Cherokee,11235
19037,Iowa,Chickasaw,11933
19039,Iowa,Clarke,9395
19041,Iowa,Clay,16016
19043,Iowa,Clayton,17549
19045,Iowa,Clinton,46429
19047,Iowa,Crawford,16820
19049,Iowa,Dallas,93453
19051,Iowa,Davis,9000
19053,Iowa,Decatur,7870
19055,Iowa,Delaware,17011
19057,Iowa,Des Moines,38967
19059,Iowa,Dickinson,17258
19061,Iowa,Dubuque,97311
19063,Iowa,Emmet,9208
19065,Iowa,Fayette,19650
19067,Iowa,Floyd,15642
19069,Iowa,Franklin,10070
19071,Iowa,Fremont,6960
19073,Iowa,Greene,8888
19075,Iowa,Grundy,12232
19077,Iowa,Guthrie,10689
19079,Iowa,Hamilton,14773
19081,Iowa,Hancock,10630
19083,Iowa,Hardin,16846
19085,Iowa,Harrison,14049
19087,Iowa,Henry,19954
19089,Iowa,Howard,9158
19091,Iowa,Humboldt,9558
19093,Iowa,Ida,6860
19095,Iowa,Iowa,16184
19097,Iowa,Jackson,19439
19099,Iowa,Jasper,37185
19101,Iowa,Jefferson,18295
19103,Iowa,Johnson,151140
19105,Iowa,Jones,20681
19107,Iowa,Keokuk,10246
19109,Iowa,Kossuth,14813
19111,Iowa,Lee,33657
19113,Iowa,Linn,226706
19115,Iowa,Louisa,11035
19117,Iowa,Lucas,8600
19119,Iowa,Lyon,11755
19121,Iowa,Madison,16338
19123,Iowa,Mahaska,22095
19125,Iowa,Marion,33253
19127,Iowa,Marshall,39369
19129,Iowa,Mills,15109
19131,Iowa,Mitchell,10586
19133,Iowa,Monona,8615
19135,Iowa,Monroe,7707
19137,Iowa,Montgomery,9917
19139,Iowa,Muscatine,42664
19141,Iowa,O'Brien,13753
19143,Iowa,Osceola,5958
19145,Iowa,Page,15107
19147,Iowa,Palo Alto,8886
19149,Iowa,Plymouth,25177
19151,Iowa,Pocahontas,6619
19153,Iowa,Polk,490161
19155,Iowa,Pottawattamie,93206
19157,Iowa,Poweshiek,18504
19159,Iowa,Ringgold,4894
19161,Iowa,Sac,9721
19163,Iowa,Scott,172943
19165,Iowa,Shelby,11454
19167,Iowa,Sioux,34855
19169,Iowa,Story,97117
19171,Iowa,Tama,16854
19173,Iowa,Taylor,6121
19175,Iowa,Union,12241
19177,Iowa,Van Buren,7044
19179,Iowa,Wapello,34969
19181,Iowa,Warren,51466
19183,Iowa,Washington,21965
19185,Iowa,Wayne,6441
19187,Iowa,Webster,35904
19189,Iowa,Winnebago,10354
19191,Iowa,Winneshiek,19991
19193,Iowa,Woodbury,103107
19195,Iowa,Worth,7381
19197,Iowa,Wright,12562
20,Kansas,Kansas,2913314
20001,Kansas,Allen,12369
20003,Kansas,Anderson,7858
20005,Kansas,Atchison,16073
20007,Kansas,Barber,4427
20009,Kansas,Barton,25779
20011,Kansas,Bourbon,14534
20013,Kansas,Brown,9564
20015,Kansas,Butler,66911
20017,Kansas,Chase,2648
20019,Kansas,Chautauqua,3250
20021,Kansas,Cherokee,19939
20023,Kansas,Cheyenne,2657
20025,Kansas,Clark,1994
20027,Kansas,Clay,8002
20029,Kansas,Cloud,8786
20031,Kansas,Coffey,8179
20033,Kansas,Comanche,1700
20035,Kansas,Cowley,34908
20037,Kansas,Crawford,38818
20039,Kansas,Decatur,2827
20041,Kansas,Dickinson,18466
20043,Kansas,Doniphan,7600
20045,Kansas,Douglas,122259
20047,Kansas,Edwards,2798
20049,Kansas,Elk,2530
20051,Kansas,Ellis,28553
20053,Kansas,Ellsworth,6102
20055,Kansas,Finney,36467
20057,Kansas,Ford,33619
20059,Kansas,Franklin,25544
20061,Kansas,Geary,31670
20063,Kansas,Gove,2636
20065,Kansas,Graham,2482
20067,Kansas,Grant,7150
20069,Kansas,Gray,5988
20071,Kansas,Greeley,1232
20073,Kansas,Greenwood,5982
20075,Kansas,Hamilton,2539
20077,Kansas,Harper,5436
20079,Kansas,Harvey,34429
20081,Kansas,Haskell,3968
20083,Kansas,Hodgeman,1794
20085,Kansas,Jackson,13171
20087,Kansas,Jefferson,19043
20089,Kansas,Jewell,2879
20091,Kansas,Johnson,602401
20093,Kansas,Kearny,3838
20095,Kansas,Kingman,7152
20097,Kansas,Kiowa,2475
20099,Kansas,Labette,19618
20101,Kansas,Lane,1535
20103,Kansas,Leavenworth,81758
20105,Kansas,Lincoln,2962
20107,Kansas,Linn,9703
20109,Kansas,Logan,2794
20111,Kansas,Lyon,33195
20113,Kansas,McPherson,28542
20115,Kansas,Marion,11884
20117,Kansas,Marshall,9707
20119,Kansas,Meade,4033
20121,Kansas,Miami,34237
20123,Kansas,Mitchell,5979
20125,Kansas,Montgomery,31829
20127,Kansas,Morris,5620
20129,Kansas,Morton,2587
20131,Kansas,Nemaha,10231
20133,Kansas,Neosho,16007
20135,Kansas,Ness,2750
20137,Kansas,Norton,5361
20139,Kansas,Osage,15949
20141,Kansas,Osborne,3421
20143,Kansas,Ottawa,5704
20145,Kansas,Pawnee,6414
20147,Kansas,Phillips,5234
20149,Kansas,Pottawatomie,24383
20151,Kansas,Pratt,9164
20153,Kansas,Rawlins,2530
20155,Kansas,Reno,61998
20157,Kansas,Republic,4636
20159,Kansas,Rice,9537
20161,Kansas,Riley,74232
20163,Kansas,Rooks,4920
20165,Kansas,Rush,3036
20167,Kansas,Russell,6856
20169,Kansas,Saline,54224
20171,Kansas,Scott,4823
20173,Kansas,Sedgwick,516042
20175,Kansas,Seward,21428
20177,Kansas,Shawnee,176875
20179,Kansas,Sheridan,2521
20181,Kansas,Sherman,5917
20183,Kansas,Smith,3583
20185,Kansas,Stafford,4156
20187,Kansas,Stanton,2006
20189,Kansas,Stevens,5485
20191,Kansas,Sumner,22836
20193,Kansas,Thomas,7777
20195,Kansas,Trego,2803
20197,Kansas,Wabaunsee,6931
20199,Kansas,Wallace,1518
20201,Kansas,Washington,5406
20203,Kansas,Wichita,2119
20205,Kansas,Wilson,8525
20207,Kansas,Woodson,3138
20209,Kansas,Wyandotte,165429
21,Kentucky,Kentucky,4467673
21001,Kentucky,Adair,19202
21003,Kentucky,Allen,21315
21005,Kentucky,Anderson,22747
21007,Kentucky,Ballard,7888
21009,Kentucky,Barren,44249
21011,Kentucky,Bath,12500
21013,Kentucky,Bell,26032
21015,Kentucky,Boone,133581
21017,Kentucky,Bourbon,19788
21019,Kentucky,Boyd,46718
21021,Kentucky,Boyle,30060
21023,Kentucky,Bracken,8303
21025,Kentucky,Breathitt,12630
21027,Kentucky,Breckinridge,20477
21029,Kentucky,Bullitt,81676
21031,Kentucky,Butler,12879
21033,Kentucky,Caldwell,12747
21035,Kentucky,Calloway,39001
21037,Kentucky,Campbell,93584
21039,Kentucky,Carlisle,4760
21041,Kentucky,Carroll,10631
21043,Kentucky,Carter,26797
21045,Kentucky,Casey,16159
21047,Kentucky,Christian,70461
21049,Kentucky,Clark,36263
21051,Kentucky,Clay,19901
21053,Kentucky,Clinton,10218
21055,Kentucky,Crittenden,8806
21057,Kentucky,Cumberland,6614
21059,Kentucky,Daviess,101511
21061,Kentucky,Edmonson,12150
21063,Kentucky,Elliott,7517
21065,Kentucky,Estill,14106
21067,Kentucky,Fayette,323152
21069,Kentucky,Fleming,14581
21071,Kentucky,Floyd,35589
21073,Kentucky,Franklin,50991
21075,Kentucky,Fulton,5969
21077,Kentucky,Gallatin,8869
21079,Kentucky,Garrard,17666
21081,Kentucky,Grant,25069
21083,Kentucky,Graves,37266
21085,Kentucky,Grayson,26427
21087,Kentucky,Green,10941
21089,Kentucky,Greenup,35098
21091,Kentucky,Hancock,8722
21093,Kentucky,Hardin,110958
21095,Kentucky,Harlan,26010
21097,Kentucky,Harrison,18886
21099,Kentucky,Hart,19035
21101,Kentucky,Henderson,45210
21103,Kentucky,Henry,16126
21105,Kentucky,Hickman,4380
21107,Kentucky,Hopkins,44686
21109,Kentucky,Jackson,13329
21111,Kentucky,Jefferson,766757
21113,Kentucky,Jessamine,54115
21115,Kentucky,Johnson,22188
21117,Kentucky,Kenton,166998
21119,Kentucky,Knott,14806
21121,Kentucky,Knox,31145
21123,Kentucky,Larue,14398
21125,Kentucky,Laurel,60813
21127,Kentucky,Lawrence,15317
21129,Kentucky,Lee,7403
21131,Kentucky,Leslie,9877
21133,Kentucky,Letcher,21553
21135,Kentucky,Lewis,13275
21137,Kentucky,Lincoln,24549
21139,Kentucky,Livingston,9194
21141,Kentucky,Logan,27102
21143,Kentucky,Lyon,8210
21145,Kentucky,McCracken,65418
21147,Kentucky,McCreary,17231
21149,Kentucky,McLean,9207
21151,Kentucky,Madison,92987
21153,Kentucky,Magoffin,12161
21155,Kentucky,Marion,19273
21157,Kentucky,Marshall,31100
21159,Kentucky,Martin,11195
21161,Kentucky,Mason,17070
21163,Kentucky,Meade,28572
21165,Kentucky,Menifee,6489
21167,Kentucky,Mercer,21933
21169,Kentucky,Metcalfe,10071
21171,Kentucky,Monroe,10650
21173,Kentucky,Montgomery,28157
21175,Kentucky,Morgan,13309
21177,Kentucky,Muhlenberg,30622
21179,Kentucky,Nelson,46233
21181,Kentucky,Nicholas,7269
21183,Kentucky,Ohio,23994
21185,Kentucky,Oldham,66799
21187,Kentucky,Owen,10901
21189,Kentucky,Owsley,4415
21191,Kentucky,Pendleton,14590
21193,Kentucky,Perry,25758
21195,Kentucky,Pike,57876
21197,Kentucky,Powell,12359
21199,Kentucky,Pulaski,64979
21201,Kentucky,Robertson,2108
21203,Kentucky,Rockcastle,16695
21205,Kentucky,Rowan,24460
21207,Kentucky,Russell,17923
21209,Kentucky,Scott,57004
21211,Kentucky,Shelby,49024
21213,Kentucky,Simpson,18572
21215,Kentucky,Spencer,19351
21217,Kentucky,Taylor,25769
21219,Kentucky,Todd,12294
21221,Kentucky,Trigg,14651
21223,Kentucky,Trimble,8471
21225,Kentucky,Union,14381
21227,Kentucky,Warren,132896
21229,Kentucky,Washington,12095
21231,Kentucky,Wayne,20333
21233,Kentucky,Webster,12942
21235,Kentucky,Whitley,36264
21237,Kentucky,Wolfe,7157
21239,Kentucky,Woodford,26734
22,Louisiana,Louisiana,4648794
22001,Louisiana,Acadia Parish,62045
22003,Louisiana,Allen Parish,25627
22005,Louisiana,Ascension Parish,126604
22007,Louisiana,Assumption Parish,21891
22009,Louisiana,Avoyelles Parish,40144
22011,Louisiana,Beauregard Parish,37497
22013,Louisiana,Bienville Parish,13241
22015,Louisiana,Bossier Parish,127039
22017,Louisiana,Caddo Parish,240204
22019,Louisiana,Calcasieu Parish,203436
22021,Louisiana,Caldwell Parish,9918
22023,Louisiana,Cameron Parish,6973
22025,Louisiana,Catahoula Parish,9494
22027,Louisiana,Claiborne Parish,15670
22029,Louisiana,Concordia Parish,19259
22031,Louisiana,De Soto Parish,27463
22033,Louisiana,East Baton Rouge Parish,440059
22035,Louisiana,East Carroll Parish,6861
22037,Louisiana,East Feliciana Parish,19135
22039,Louisiana,Evangeline Parish,33395
22041,Louisiana,Franklin Parish,20015
22043,Louisiana,Grant Parish,22389
22045,Louisiana,Iberia Parish,69830
22047,Louisiana,Iberville Parish,32511
22049,Louisiana,Jackson Parish,15744
22051,Louisiana,Jefferson Parish,432493
22053,Louisiana,Jefferson Davis Parish,31368
22055,Louisiana,Lafayette Parish,244390
22057,Louisiana,Lafourche Parish,97614
22059,Louisiana,LaSalle Parish,14892
22061,Louisiana,Lincoln Parish,46742
22063,Louisiana,Livingston Parish,140789
22065,Louisiana,Madison Parish,10951
22067,Louisiana,Morehouse Parish,24874
22069,Louisiana,Natchitoches Parish,38158
22071,Louisiana,Orleans Parish,390144
22073,Louisiana,Ouachita Parish,153279
22075,Louisiana,Plaquemines Parish,23197
22077,Louisiana,Pointe Coupee Parish,21730
22079,Louisiana,Rapides Parish,129648
22081,Louisiana,Red River Parish,8442
22083,Louisiana,Richland Parish,20122
22085,Louisiana,Sabine Parish,23884
22087,Louisiana,St. Bernard Parish,47244
22089,Louisiana,St. Charles Parish,53100
22091,Louisiana,St. Helena Parish,10132
22093,Louisiana,St. James Parish,21096
22095,Louisiana,St. John the Baptist Parish,42837
22097,Louisiana,St. Landry Parish,82124
22099,Louisiana,St. Martin Parish,53431
22101,Louisiana,St. Mary Parish,49348
22103,Louisiana,St. Tammany Parish,260419
22105,Louisiana,Tangipahoa Parish,134758
22107,Louisiana,Tensas Parish,4334
22109,Louisiana,Terrebonne Parish,110461
22111,Louisiana,Union Parish,22108
22113,Louisiana,Vermilion Parish,59511
22115,Louisiana,Vernon Parish,47429
22117,Louisiana,Washington Parish,46194
22119,Louisiana,Webster Parish,38340
22121,Louisiana,West Baton Rouge Parish,26465
22123,Louisiana,West Carroll Parish,10830
22125,Louisiana,West Feliciana Parish,15568
22127,Louisiana,Winn Parish,13904
23,Maine,Maine,1344212
23001,Maine,Androscoggin,108277
23003,Maine,Aroostook,67055
23005,Maine,Cumberland,295003
23007,Maine,Franklin,30199
23009,Maine,Hancock,54987
23011,Maine,Kennebec,122302
23013,Maine,Knox,39772
23015,Maine,Lincoln,34634
23017,Maine,Oxford,57975
23019,Maine,Penobscot,152148
23021,Maine,Piscataquis,16785
23023,Maine,Sagadahoc,35856
23025,Maine,Somerset,50484
23027,Maine,Waldo,39715
23029,Maine,Washington,31379
23031,Maine,York,207641
24,Maryland,Maryland,6045680
24001,Maryland,Allegany,70416
24003,Maryland,Anne Arundel,579234
24005,Maryland,Baltimore,827370
24009,Maryland,Calvert,92525
24011,Maryland,Caroline,33406
24013,Maryland,Carroll,168447
24015,Maryland,Cecil,102855
24017,Maryland,Charles,163257
24019,Maryland,Dorchester,31929
24021,Maryland,Frederick,259547
24023,Maryland,Garrett,29014
24025,Maryland,Harford,255441
24027,Maryland,Howard,325690
24029,Maryland,Kent,19422
24031,Maryland,Montgomery,1050688
24033,Maryland,Prince George's,909327
24035,Maryland,Queen Anne's,50381
24037,Maryland,St. Mary's,113510
24039,Maryland,Somerset,25616
24041,Maryland,Talbot,37181
24043,Maryland,Washington,151049
24045,Maryland,Wicomico,103609
24047,Maryland,Worcester,52276
24510,Maryland,Baltimore city,593490
25,Massachusetts,Massachusetts,6892503
25001,Massachusetts,Barnstable,212990
25003,Massachusetts,Berkshire,124944
25005,Massachusetts,Bristol,565217
25007,Massachusetts,Dukes,17332
25009,Massachusetts,Essex,789034
25011,Massachusetts,Franklin,70180
25013,Massachusetts,Hampden,466372
25015,Massachusetts,Hampshire,160830
25017,Massachusetts,Middlesex,1611699
25019,Massachusetts,Nantucket,11399
25021,Massachusetts,Norfolk,706775
25023,Massachusetts,Plymouth,521202
25025,Massachusetts,Suffolk,803907
25027,Massachusetts,Worcester,830622
26,Michigan,Michigan,9986857
26001,Michigan,Alcona,10405
26003,Michigan,Alger,9108
26005,Michigan,Allegan,118081
26007,Michigan,Alpena,28405
26009,Michigan,Antrim,23324
26011,Michigan,Arenac,14883
26013,Michigan,Baraga,8209
26015,Michigan,Barry,61550
26017,Michigan,Bay,103126
26019,Michigan,Benzie,17766
26021,Michigan,Berrien,153401
26023,Michigan,Branch,43517
26025,Michigan,Calhoun,134159
26027,Michigan,Cass,51787
26029,Michigan,Charlevoix,26143
26031,Michigan,Cheboygan,25276
26033,Michigan,Chippewa,37349
26035,Michigan,Clare,30950
26037,Michigan,Clinton,79595
26039,Michigan,Crawford,14029
26041,Michigan,Delta,35784
26043,Michigan,Dickinson,25239
26045,Michigan,Eaton,110268
26047,Michigan,Emmet,33415
26049,Michigan,Genesee,405813
26051,Michigan,Gladwin,25449
26053,Michigan,Gogebic,13975
26055,Michigan,Grand Traverse,93088
26057,Michigan,Gratiot,40711
26059,Michigan,Hillsdale,45605
26061,Michigan,Houghton,35684
26063,Michigan,Huron,30981
26065,Michigan,Ingham,292406
26067,Michigan,Ionia,64697
26069,Michigan,Iosco,25127
26071,Michigan,Iron,11066
26073,Michigan,Isabella,69872
26075,Michigan,Jackson,158510
26077,Michigan,Kalamazoo,265066
26079,Michigan,Kalkaska,18038
26081,Michigan,Kent,656955
26083,Michigan,Keweenaw,2116
26085,Michigan,Lake,11853
26087,Michigan,Lapeer,87607
26089,Michigan,Leelanau,21761
26091,Michigan,Lenawee,98451
26093,Michigan,Livingston,191995
26095,Michigan,Luce,6229
26097,Michigan,Mackinac,10799
26099,Michigan,Macomb,873972
26101,Michigan,Manistee,24558
26103,Michigan,Marquette,66699
26105,Michigan,Mason,29144
26107,Michigan,Mecosta,43453
26109,Michigan,Menominee,22780
26111,Michigan,Midland,83156
26113,Michigan,Missaukee,15118
26115,Michigan,Monroe,150500
26117,Michigan,Montcalm,63888
26119,Michigan,Montmorency,9328
26121,Michigan,Muskegon,173566
26123,Michigan,Newaygo,48980
26125,Michigan,Oakland,1257584
26127,Michigan,Oceana,26467
26129,Michigan,Ogemaw,20997
26131,Michigan,Ontonagon,5720
26133,Michigan,Osceola,23460
26135,Michigan,Oscoda,8241
26137,Michigan,Otsego,24668
26139,Michigan,Ottawa,291830
26141,Michigan,Presque Isle,12592
26143,Michigan,Roscommon,24019
26145,Michigan,Saginaw,190539
26147,Michigan,St. Clair,159128
26149,Michigan,St. Joseph,60964
26151,Michigan,Sanilac,41170
26153,Michigan,Schoolcraft,8094
26155,Michigan,Shiawassee,68122
26157,Michigan,Tuscola,52245
26159,Michigan,Van Buren,75677
26161,Michigan,Washtenaw,367601
26163,Michigan,Wayne,1749343
26165,Michigan,Wexford,33631
27,Minnesota,Minnesota,5639632
27001,Minnesota,Aitkin,15886
27003,Minnesota,Anoka,356921
27005,Minnesota,Becker,34423
27007,Minnesota,Beltrami,47188
27009,Minnesota,Benton,40889
27011,Minnesota,Big Stone,4991
27013,Minnesota,Blue Earth,67653
27015,Minnesota,Brown,25008
27017,Minnesota,Carlton,35871
27019,Minnesota,Carver,105089
27021,Minnesota,Cass,29779
27023,Minnesota,Chippewa,11800
27025,Minnesota,Chisago,56579
27027,Minnesota,Clay,64222
27029,Minnesota,Clearwater,8818
27031,Minnesota,Cook,5463
27033,Minnesota,Cottonwood,11196
27035,Minnesota,Crow Wing,65055
27037,Minnesota,Dakota,429021
27039,Minnesota,Dodge,20934
27041,Minnesota,Douglas,38141
27043,Minnesota,Faribault,13653
27045,Minnesota,Fillmore,21067
27047,Minnesota,Freeborn,30281
27049,Minnesota,Goodhue,46340
27051,Minnesota,Grant,5972
27053,Minnesota,Hennepin,1265843
27055,Minnesota,Houston,18600
27057,Minnesota,Hubbard,21491
27059,Minnesota,Isanti,40596
27061,Minnesota,Itasca,45130
27063,Minnesota,Jackson,9846
27065,Minnesota,Kanabec,16337
27067,Minnesota,Kandiyohi,43199
27069,Minnesota,Kittson,4298
27071,Minnesota,Koochiching,12229
27073,Minnesota,Lac qui Parle,6623
27075,Minnesota,Lake,10641
27077,Minnesota,Lake of the Woods,3740
27079,Minnesota,Le Sueur,28887
27081,Minnesota,Lincoln,5639
27083,Minnesota,Lyon,25474
27085,Minnesota,McLeod,35893
27087,Minnesota,Mahnomen,5527
27089,Minnesota,Marshall,9336
27091,Minnesota,Martin,19683
27093,Minnesota,Meeker,23222
27095,Minnesota,Mille Lacs,26277
27097,Minnesota,Morrison,33386
27099,Minnesota,Mower,40062
27101,Minnesota,Murray,8194
27103,Minnesota,Nicollet,34274
27105,Minnesota,Nobles,21629
27107,Minnesota,Norman,6375
27109,Minnesota,Olmsted,158293
27111,Minnesota,Otter Tail,58746
27113,Minnesota,Pennington,14119
27115,Minnesota,Pine,29579
27117,Minnesota,Pipestone,9126
27119,Minnesota,Polk,31364
27121,Minnesota,Pope,11249
27123,Minnesota,Ramsey,550321
27125,Minnesota,Red Lake,4055
27127,Minnesota,Redwood,15170
27129,Minnesota,Renville,14548
27131,Minnesota,Rice,66972
27133,Minnesota,Rock,9315
27135,Minnesota,Roseau,15165
27137,Minnesota,St. Louis,199070
27139,Minnesota,Scott,149013
27141,Minnesota,Sherburne,97238
27143,Minnesota,Sibley,14865
27145,Minnesota,Stearns,161075
27147,Minnesota,Steele,36649
27149,Minnesota,Stevens,9805
27151,Minnesota,Swift,9266
27153,Minnesota,Todd,24664
27155,Minnesota,Traverse,3259
27157,Minnesota,Wabasha,21627
27159,Minnesota,Wadena,13682
27161,Minnesota,Waseca,18612
27163,Minnesota,Washington,262440
27165,Minnesota,Watonwan,10897
27167,Minnesota,Wilkin,6207
27169,Minnesota,Winona,50484
27171,Minnesota,Wright,138377
27173,Minnesota,Yellow Medicine,9709
28,Mississippi,Mississippi,2976149
28001,Mississippi,Adams,30693
28003,Mississippi,Alcorn,36953
28005,Mississippi,Amite,12297
28007,Mississippi,Attala,18174
28009,Mississippi,Benton,8259
28011,Mississippi,Bolivar,30628
28013,Mississippi,Calhoun,14361
28015,Mississippi,Carroll,9947
28017,Mississippi,Chickasaw,17103
28019,Mississippi,Choctaw,8210
28021,Mississippi,Claiborne,8988
28023,Mississippi,Clarke,15541
28025,Mississippi,Clay,19316
28027,Mississippi,Coahoma,22124
28029,Mississippi,Copiah,28065
28031,Mississippi,Covington,18636
28033,Mississippi,DeSoto,184945
28035,Mississippi,Forrest,74897
28037,Mississippi,Franklin,7713
28039,Mississippi,George,24500
28041,Mississippi,Greene,13586
28043,Mississippi,Grenada,20758
28045,Mississippi,Hancock,47632
28047,Mississippi,Harrison,208080
28049,Mississippi,Hinds,231840
28051,Mississippi,Holmes,17010
28053,Mississippi,Humphreys,8064
28055,Mississippi,Issaquena,1327
28057,Mississippi,Itawamba,23390
28059,Mississippi,Jackson,143617
28061,Mississippi,Jasper,16383
28063,Mississippi,Jefferson,6990
28065,Mississippi,Jefferson Davis,11128
28067,Mississippi,Jones,68098
28069,Mississippi,Kemper,9742
28071,Mississippi,Lafayette,54019
28073,Mississippi,Lamar,63343
28075,Mississippi,Lauderdale,74125
28077,Mississippi,Lawrence,12586
28079,Mississippi,Leake,22786
28081,Mississippi,Lee,85436
28083,Mississippi,Leflore,28183
28085,Mississippi,Lincoln,34153
28087,Mississippi,Lowndes,58595
28089,Mississippi,Madison,106272
28091,Mississippi,Marion,24573
28093,Mississippi,Marshall,35294
28095,Mississippi,Monroe,35252
28097,Mississippi,Montgomery,9775
28099,Mississippi,Neshoba,29118
28101,Mississippi,Newton,21018
28103,Mississippi,Noxubee,10417
28105,Mississippi,Oktibbeha,49587
28107,Mississippi,Panola,34192
28109,Mississippi,Pearl River,55535
28111,Mississippi,Perry,11973
28113,Mississippi,Pike,39288
28115,Mississippi,Pontotoc,32174
28117,Mississippi,Prentiss,25126
28119,Mississippi,Quitman,6792
28121,Mississippi,Rankin,155271
28123,Mississippi,Scott,28124
28125,Mississippi,Sharkey,4321
28127,Mississippi,Simpson,26658
28129,Mississippi,Smith,15916
28131,Mississippi,Stone,18336
28133,Mississippi,Sunflower,25110
28135,Mississippi,Tallahatchie,13809
28137,Mississippi,Tate,28321
28139,Mississippi,Tippah,22015
28141,Mississippi,Tishomingo,19383
28143,Mississippi,Tunica,9632
28145,Mississippi,Union,28815
28147,Mississippi,Walthall,14286
28149,Mississippi,Warren,45381
28151,Mississippi,Washington,43909
28153,Mississippi,Wayne,20183
28155,Mississippi,Webster,9689
28157,Mississippi,Wilkinson,8630
28159,Mississippi,Winston,17955
28161,Mississippi,Yalobusha,12108
28163,Mississippi,Yazoo,29690
29,Missouri,Missouri,6137428
29001,Missouri,Adair,25343
29003,Missouri,Andrew,17712
29005,Missouri,Atchison,5143
29007,Missouri,Audrain,25388
29009,Missouri,Barry,35789
29011,Missouri,Barton,11754
29013,Missouri,Bates,16172
29015,Missouri,Benton,19443
29017,Missouri,Bollinger,12133
29019,Missouri,Boone,180463
29021,Missouri,Buchanan,87364
29023,Missouri,Butler,42478
29025,Missouri,Caldwell,9020
29027,Missouri,Callaway,44743
29029,Missouri,Camden,46305
29031,Missouri,Cape Girardeau,78871
29033,Missouri,Carroll,8679
29035,Missouri,Carter,5982
29037,Missouri,Cass,105780
29039,Missouri,Cedar,14349
29041,Missouri,Chariton,7426
29043,Missouri,Christian,88595
29045,Missouri,Clark,6797
29047,Missouri,Clay,249948
29049,Missouri,Clinton,20387
29051,Missouri,Cole,76745
29053,Missouri,Cooper,17709
29055,Missouri,Crawford,23920
29057,Missouri,Dade,7561
29059,Missouri,Dallas,16878
29061,Missouri,Daviess,8278
29063,Missouri,DeKalb,12547
29065,Missouri,Dent,15573
29067,Missouri,Douglas,13185
29069,Missouri,Dunklin,29131
29071,Missouri,Franklin,103967
29073,Missouri,Gasconade,14706
29075,Missouri,Gentry,6571
29077,Missouri,Greene,293086
29079,Missouri,Grundy,9850
29081,Missouri,Harrison,8352
29083,Missouri,Henry,21824
29085,Missouri,Hickory,9544
29087,Missouri,Holt,4403
29089,Missouri,Howard,10001
29091,Missouri,Howell,40117
29093,Missouri,Iron,10125
29095,Missouri,Jackson,703011
29097,Missouri,Jasper,121328
29099,Missouri,Jefferson,225081
29101,Missouri,Johnson,54062
29103,Missouri,Knox,3959
29105,Missouri,Laclede,35723
29107,Missouri,Lafayette,32708
29109,Missouri,Lawrence,38355
29111,Missouri,Lewis,9776
29113,Missouri,Lincoln,59013
29115,Missouri,Linn,11920
29117,Missouri,Livingston,15227
29119,Missouri,McDonald,22837
29121,Missouri,Macon,15117
29123,Missouri,Madison,12088
29125,Missouri,Maries,8697
29127,Missouri,Marion,28530
29129,Missouri,Mercer,3617
29131,Missouri,Miller,25619
29133,Missouri,Mississippi,13180
29135,Missouri,Moniteau,16132
29137,Missouri,Monroe,8644
29139,Missouri,Montgomery,11551
29141,Missouri,Morgan,20627
29143,Missouri,New Madrid,17076
29145,Missouri,Newton,58236
29147,Missouri,Nodaway,22092
29149,Missouri,Oregon,10529
29151,Missouri,Osage,13615
29153,Missouri,Ozark,9174
29155,Missouri,Pemiscot,15805
29157,Missouri,Perry,19136
29159,Missouri,Pettis,42339
29161,Missouri,Phelps,44573
29163,Missouri,Pike,18302
29165,Missouri,Platte,104418
29167,Missouri,Polk,32149
29169,Missouri,Pulaski,52607
29171,Missouri,Putnam,4696
29173,Missouri,Ralls,10309
29175,Missouri,Randolph,24748
29177,Missouri,Ray,23018
29179,Missouri,Reynolds,6270
29181,Missouri,Ripley,13288
29183,Missouri,St. Charles,402022
29185,Missouri,St. Clair,9397
29186,Missouri,Ste. Genevieve,17894
29187,Missouri,St. Francois,67215
29189,Missouri,St. Louis,994205
29195,Missouri,Saline,22761
29197,Missouri,Schuyler,4660
29199,Missouri,Scotland,4902
29201,Missouri,Scott,38280
29203,Missouri,Shannon,8166
29205,Missouri,Shelby,5930
29207,Missouri,Stoddard,29025
29209,Missouri,Stone,31952
29211,Missouri,Sullivan,6089
29213,Missouri,Taney,55928
29215,Missouri,Texas,25398
29217,Missouri,Vernon,20563
29219,Missouri,Warren,35649
29221,Missouri,Washington,24730
29223,Missouri,Wayne,12873
29225,Missouri,Webster,39592
29227,Missouri,Worth,2013
29229,Missouri,Wright,18289
29510,Missouri,St. Louis city,300576
30,Montana,Montana,1068778
30001,Montana,Beaverhead,9453
30003,Montana,Big Horn,13319
30005,Montana,Blaine,6681
30007,Montana,Broadwater,6237
30009,Montana,Carbon,10725
30011,Montana,Carter,1252
30013,Montana,Cascade,81366
30015,Montana,Chouteau,5635
30017,Montana,Custer,11402
30019,Montana,Daniels,1690
30021,Montana,Dawson,8613
30023,Montana,Deer Lodge,9140
30025,Montana,Fallon,2846
30027,Montana,Fergus,11050
30029,Montana,Flathead,103806
30031,Montana,Gallatin,114434
30033,Montana,Garfield,1258
30035,Montana,Glacier,13753
30037,Montana,Golden Valley,821
30039,Montana,Granite,3379
30041,Montana,Hill,16484
30043,Montana,Jefferson,12221
30045,Montana,Judith Basin,2007
30047,Montana,Lake,30458
30049,Montana,Lewis and Clark,69432
30051,Montana,Liberty,2337
30053,Montana,Lincoln,19980
30055,Montana,McCone,1664
30057,Montana,Madison,8600
30059,Montana,Meagher,1862
30061,Montana,Mineral,4397
30063,Montana,Missoula,119600
30065,Montana,Musselshell,4633
30067,Montana,Park,16606
30069,Montana,Petroleum,487
30071,Montana,Phillips,3954
30073,Montana,Pondera,5911
30075,Montana,Powder River,1682
30077,Montana,Powell,6890
30079,Montana,Prairie,1077
30081,Montana,Ravalli,43806
30083,Montana,Richland,10803
30085,Montana,Roosevelt,11004
30087,Montana,Rosebud,8937
30089,Montana,Sanders,12113
30091,Montana,Sheridan,3309
30093,Montana,Silver Bow,34915
30095,Montana,Stillwater,9642
30097,Montana,Sweet Grass,3737
30099,Montana,Teton,6147
30101,Montana,Toole,4736
30103,Montana,Treasure,696
30105,Montana,Valley,7396
30107,Montana,Wheatland,2126
30109,Montana,Wibaux,969
30111,Montana,Yellowstone,161300
31,Nebraska,Nebraska,1934408
31001,Nebraska,Adams,31363
31003,Nebraska,Antelope,6298
31005,Nebraska,Arthur,463
31007,Nebraska,Banner,745
31009,Nebraska,Blaine,465
31011,Nebraska,Boone,5192
31013,Nebraska,Box Butte,10783
31015,Nebraska,Boyd,1919
31017,Nebraska,Brown,2955
31019,Nebraska,Buffalo,49659
31021,Nebraska,Burt,6459
31023,Nebraska,Butler,8016
31025,Nebraska,Cass,26248
31027,Nebraska,Cedar,8402
31029,Nebraska,Chase,3924
31031,Nebraska,Cherry,5689
31033,Nebraska,Cheyenne,8910
31035,Nebraska,Clay,6203
31037,Nebraska,Colfax,10709
31039,Nebraska,Cuming,8846
31041,Nebraska,Custer,10777
31043,Nebraska,Dakota,20026
31045,Nebraska,Dawes,8589
31047,Nebraska,Dawson,23595
31049,Nebraska,Deuel,1794
31051,Nebraska,Dixon,5636
31053,Nebraska,Dodge,36565
31055,Nebraska,Douglas,571327
31057,Nebraska,Dundy,1693
31059,Nebraska,Fillmore,5462
31061,Nebraska,Franklin,2979
31063,Nebraska,Frontier,2627
31065,Nebraska,Furnas,4676
31067,Nebraska,Gage,21513
31069,Nebraska,Garden,1837
31071,Nebraska,Garfield,1969
31073,Nebraska,Gosper,1990
31075,Nebraska,Grant,623
31077,Nebraska,Greeley,2356
31079,Nebraska,Hall,61353
31081,Nebraska,Hamilton,9324
31083,Nebraska,Harlan,3380
31085,Nebraska,Hayes,922
31087,Nebraska,Hitchcock,2762
31089,Nebraska,Holt,10067
31091,Nebraska,Hooker,682
31093,Nebraska,Howard,6445
31095,Nebraska,Jefferson,7046
31097,Nebraska,Johnson,5071
31099,Nebraska,Kearney,6495
31101,Nebraska,Keith,8034
31103,Nebraska,Keya Paha,806
31105,Nebraska,Kimball,3632
31107,Nebraska,Knox,8332
31109,Nebraska,Lancaster,319090
31111,Nebraska,Lincoln,34914
31113,Nebraska,Logan,748
31115,Nebraska,Loup,664
31117,Nebraska,McPherson,494
31119,Nebraska,Madison,35099
31121,Nebraska,Merrick,7755
31123,Nebraska,Morrill,4642
31125,Nebraska,Nance,3519
31127,Nebraska,Nemaha,6972
31129,Nebraska,Nuckolls,4148
31131,Nebraska,Otoe,16012
31133,Nebraska,Pawnee,2613
31135,Nebraska,Perkins,2891
31137,Nebraska,Phelps,9034
31139,Nebraska,Pierce,7148
31141,Nebraska,Platte,33470
31143,Nebraska,Polk,5213
31145,Nebraska,Red Willow,10724
31147,Nebraska,Richardson,7865
31149,Nebraska,Rock,1357
31151,Nebraska,Saline,14224
31153,Nebraska,Sarpy,187196
31155,Nebraska,Saunders,21578
31157,Nebraska,Scotts Bluff,35618
31159,Nebraska,Seward,17284
31161,Nebraska,Sheridan,5246
31163,Nebraska,Sherman,3001
31165,Nebraska,Sioux,1166
31167,Nebraska,Stanton,5920
31169,Nebraska,Thayer,5003
31171,Nebraska,Thomas,722
31173,Nebraska,Thurston,7224
31175,Nebraska,Valley,4158
31177,Nebraska,Washington,20729
31179,Nebraska,Wayne,9385
31181,Nebraska,Webster,3487
31183,Nebraska,Wheeler,783
31185,Nebraska,York,13679
32,Nevada,Nevada,3080156
32001,Nevada,Churchill,24909
32003,Nevada,Clark,2266715
32005,Nevada,Douglas,48905
32007,Nevada,Elko,52778
32009,Nevada,Esmeralda,873
32011,Nevada,Eureka,2029
32013,Nevada,Humboldt,16831
32015,Nevada,Lander,5532
32017,Nevada,Lincoln,5183
32019,Nevada,Lyon,57510
32021,Nevada,Mineral,4505
32023,Nevada,Nye,46523
32027,Nevada,Pershing,6725
32029,Nevada,Storey,4123
32031,Nevada,Washoe,471519
32033,Nevada,White Pine,9580
32510,Nevada,Carson City,55916
33,New Hampshire,New Hampshire,1359711
33001,New Hampshire,Belknap,61303
33003,New Hampshire,Carroll,48910
33005,New Hampshire,Cheshire,76085
33007,New Hampshire,Coos,31563
33009,New Hampshire,Grafton,89886
33011,New Hampshire,Hillsborough,417025
33013,New Hampshire,Merrimack,151391
33015,New Hampshire,Rockingham,309769
33017,New Hampshire,Strafford,130633
33019,New Hampshire,Sullivan,43146
34,New Jersey,New Jersey,8882190
34001,New Jersey,Atlantic,263670
34003,New Jersey,Bergen,932202
34005,New Jersey,Burlington,445349
34007,New Jersey,Camden,506471
34009,New Jersey,Cape May,92039
34011,New Jersey,Cumberland,149527
34013,New Jersey,Essex,798975
34015,New Jersey,Gloucester,291636
34017,New Jersey,Hudson,672391
34019,New Jersey,Hunterdon,124371
34021,New Jersey,Mercer,367430
34023,New Jersey,Middlesex,825062
34025,New Jersey,Monmouth,618795
34027,New Jersey,Morris,491845
34029,New Jersey,Ocean,607186
34031,New Jersey,Passaic,501826
34033,New Jersey,Salem,62385
34035,New Jersey,Somerset,328934
34037,New Jersey,Sussex,140488
34039,New Jersey,Union,556341
34041,New Jersey,Warren,105267
35,New Mexico,New Mexico,2096829
35001,New Mexico,Bernalillo,679121
35003,New Mexico,Catron,3527
35005,New Mexico,Chaves,64615
35006,New Mexico,Cibola,26675
35007,New Mexico,Colfax,11941
35009,New Mexico,Curry,48954
35011,New Mexico,De Baca,1748
35013,New Mexico,Doa Ana,218195
35015,New Mexico,Eddy,58460
35017,New Mexico,Grant,26998
35019,New Mexico,Guadalupe,4300
35021,New Mexico,Harding,625
35023,New Mexico,Hidalgo,4198
35025,New Mexico,Lea,71070
35027,New Mexico,Lincoln,19572
35028,New Mexico,Los Alamos,19369
35029,New Mexico,Luna,23709
35031,New Mexico,McKinley,71367
35033,New Mexico,Mora,4521
35035,New Mexico,Otero,67490
35037,New Mexico,Quay,8253
35039,New Mexico,Rio Arriba,38921
35041,New Mexico,Roosevelt,18500
35043,New Mexico,Sandoval,146748
35045,New Mexico,San Juan,123958
35047,New Mexico,San Miguel,27277
35049,New Mexico,Santa Fe,150358
35051,New Mexico,Sierra,10791
35053,New Mexico,Socorro,16637
35055,New Mexico,Taos,32723
35057,New Mexico,Torrance,15461
35059,New Mexico,Union,4059
35061,New Mexico,Valencia,76688
36,New York,New York,19453561
36001,New York,Albany,305506
36003,New York,Allegany,46091
36005,New York,Bronx,1418207
36007,New York,Broome,190488
36009,New York,Cattaraugus,76117
36011,New York,Cayuga,76576
36013,New York,Chautauqua,126903
36015,New York,Chemung,83456
36017,New York,Chenango,47207
36019,New York,Clinton,80485
36021,New York,Columbia,59461
36023,New York,Cortland,47581
36025,New York,Delaware,44135
36027,New York,Dutchess,294218
36029,New York,Erie,918702
36031,New York,Essex,36885
36033,New York,Franklin,50022
36035,New York,Fulton,53383
36037,New York,Genesee,57280
36039,New York,Greene,47188
36041,New York,Hamilton,4416
36043,New York,Herkimer,61319
36045,New York,Jefferson,109834
36047,New York,Kings,2559903
36049,New York,Lewis,26296
36051,New York,Livingston,62914
36053,New York,Madison,70941
36055,New York,Monroe,741770
36057,New York,Montgomery,49221
36059,New York,Nassau,1356924
36061,New York,New York,1628706
36063,New York,Niagara,209281
36065,New York,Oneida,228671
36067,New York,Onondaga,460528
36069,New York,Ontario,109777
36071,New York,Orange,384940
36073,New York,Orleans,40352
36075,New York,Oswego,117124
36077,New York,Otsego,59493
36079,New York,Putnam,98320
36081,New York,Queens,2253858
36083,New York,Rensselaer,158714
36085,New York,Richmond,476143
36087,New York,Rockland,325789
36089,New York,St. Lawrence,107740
36091,New York,Saratoga,229863
36093,New York,Schenectady,155299
36095,New York,Schoharie,30999
36097,New York,Schuyler,17807
36099,New York,Seneca,34016
36101,New York,Steuben,95379
36103,New York,Suffolk,1476601
36105,New York,Sullivan,75432
36107,New York,Tioga,48203
36109,New York,Tompkins,102180
36111,New York,Ulster,177573
36113,New York,Warren,63944
36115,New York,Washington,61204
36117,New York,Wayne,89918
36119,New York,Westchester,967506
36121,New York,Wyoming,39859
36123,New York,Yates,24913
37,North Carolina,North Carolina,10488084
37001,North Carolina,Alamance,169509
37003,North Carolina,Alexander,37497
37005,North Carolina,Alleghany,11137
37007,North Carolina,Anson,24446
37009,North Carolina,Ashe,27203
37011,North Carolina,Avery,17557
37013,North Carolina,Beaufort,46994
37015,North Carolina,Bertie,18947
37017,North Carolina,Bladen,32722
37019,North Carolina,Brunswick,142820
37021,North Carolina,Buncombe,261191
37023,North Carolina,Burke,90485
37025,North Carolina,Cabarrus,216453
37027,North Carolina,Caldwell,82178
37029,North Carolina,Camden,10867
37031,North Carolina,Carteret,69473
37033,North Carolina,Caswell,22604
37035,North Carolina,Catawba,159551
37037,North Carolina,Chatham,74470
37039,North Carolina,Cherokee,28612
37041,North Carolina,Chowan,13943
37043,North Carolina,Clay,11231
37045,North Carolina,Cleveland,97947
37047,North Carolina,Columbus,55508
37049,North Carolina,Craven,102139
37051,North Carolina,Cumberland,335509
37053,North Carolina,Currituck,27763
37055,North Carolina,Dare,37009
37057,North Carolina,Davidson,167609
37059,North Carolina,Davie,42846
37061,North Carolina,Duplin,58741
37063,North Carolina,Durham,321488
37065,North Carolina,Edgecombe,51472
37067,North Carolina,Forsyth,382295
37069,North Carolina,Franklin,69685
37071,North Carolina,Gaston,224529
37073,North Carolina,Gates,11562
37075,North Carolina,Graham,8441
37077,North Carolina,Granville,60443
37079,North Carolina,Greene,21069
37081,North Carolina,Guilford,537174
37083,North Carolina,Halifax,50010
37085,North Carolina,Harnett,135976
37087,North Carolina,Haywood,62317
37089,North Carolina,Henderson,117417
37091,North Carolina,Hertford,23677
37093,North Carolina,Hoke,55234
37095,North Carolina,Hyde,4937
37097,North Carolina,Iredell,181806
37099,North Carolina,Jackson,43938
37101,North Carolina,Johnston,209339
37103,North Carolina,Jones,9419
37105,North Carolina,Lee,61779
37107,North Carolina,Lenoir,55949
37109,North Carolina,Lincoln,86111
37111,North Carolina,McDowell,45756
37113,North Carolina,Macon,35858
37115,North Carolina,Madison,21755
37117,North Carolina,Martin,22440
37119,North Carolina,Mecklenburg,1110356
37121,North Carolina,Mitchell,14964
37123,North Carolina,Montgomery,27173
37125,North Carolina,Moore,100880
37127,North Carolina,Nash,94298
37129,North Carolina,New Hanover,234473
37131,North Carolina,Northampton,19483
37133,North Carolina,Onslow,197938
37135,North Carolina,Orange,148476
37137,North Carolina,Pamlico,12726
37139,North Carolina,Pasquotank,39824
37141,North Carolina,Pender,63060
37143,North Carolina,Perquimans,13463
37145,North Carolina,Person,39490
37147,North Carolina,Pitt,180742
37149,North Carolina,Polk,20724
37151,North Carolina,Randolph,143667
37153,North Carolina,Richmond,44829
37155,North Carolina,Robeson,130625
37157,North Carolina,Rockingham,91010
37159,North Carolina,Rowan,142088
37161,North Carolina,Rutherford,67029
37163,North Carolina,Sampson,63531
37165,North Carolina,Scotland,34823
37167,North Carolina,Stanly,62806
37169,North Carolina,Stokes,45591
37171,North Carolina,Surry,71783
37173,North Carolina,Swain,14271
37175,North Carolina,Transylvania,34385
37177,North Carolina,Tyrrell,4016
37179,North Carolina,Union,239859
37181,North Carolina,Vance,44535
37183,North Carolina,Wake,1111761
37185,North Carolina,Warren,19731
37187,North Carolina,Washington,11580
37189,North Carolina,Watauga,56177
37191,North Carolina,Wayne,123131
37193,North Carolina,Wilkes,68412
37195,North Carolina,Wilson,81801
37197,North Carolina,Yadkin,37667
37199,North Carolina,Yancey,18069
38,North Dakota,North Dakota,762062
38001,North Dakota,Adams,2216
38003,North Dakota,Barnes,10415
38005,North Dakota,Benson,6832
38007,North Dakota,Billings,928
38009,North Dakota,Bottineau,6282
38011,North Dakota,Bowman,3024
38013,North Dakota,Burke,2115
38015,North Dakota,Burleigh,95626
38017,North Dakota,Cass,181923
38019,North Dakota,Cavalier,3762
38021,North Dakota,Dickey,4872
38023,North Dakota,Divide,2264
38025,North Dakota,Dunn,4424
38027,North Dakota,Eddy,2287
38029,North Dakota,Emmons,3241
38031,North Dakota,Foster,3210
38033,North Dakota,Golden Valley,1761
38035,North Dakota,Grand Forks,69451
38037,North Dakota,Grant,2274
38039,North Dakota,Griggs,2231
38041,North Dakota,Hettinger,2499
38043,North Dakota,Kidder,2480
38045,North Dakota,LaMoure,4046
38047,North Dakota,Logan,1850
38049,North Dakota,McHenry,5745
38051,North Dakota,McIntosh,2497
38053,North Dakota,McKenzie,15024
38055,North Dakota,McLean,9450
38057,North Dakota,Mercer,8187
38059,North Dakota,Morton,31364
38061,North Dakota,Mountrail,10545
38063,North Dakota,Nelson,2879
38065,North Dakota,Oliver,1959
38067,North Dakota,Pembina,6801
38069,North Dakota,Pierce,3975
38071,North Dakota,Ramsey,11519
38073,North Dakota,Ransom,5218
38075,North Dakota,Renville,2327
38077,North Dakota,Richland,16177
38079,North Dakota,Rolette,14176
38081,North Dakota,Sargent,3898
38083,North Dakota,Sheridan,1315
38085,North Dakota,Sioux,4230
38087,North Dakota,Slope,750
38089,North Dakota,Stark,31489
38091,North Dakota,Steele,1890
38093,North Dakota,Stutsman,20704
38095,North Dakota,Towner,2189
38097,North Dakota,Traill,8036
38099,North Dakota,Walsh,10641
38101,North Dakota,Ward,67641
38103,North Dakota,Wells,3834
38105,North Dakota,Williams,37589
39,Ohio,Ohio,11689100
39001,Ohio,Adams,27698
39003,Ohio,Allen,102351
39005,Ohio,Ashland,53484
39007,Ohio,Ashtabula,97241
39009,Ohio,Athens,65327
39011,Ohio,Auglaize,45656
39013,Ohio,Belmont,67006
39015,Ohio,Brown,43432
39017,Ohio,Butler,383134
39019,Ohio,Carroll,26914
39021,Ohio,Champaign,38885
39023,Ohio,Clark,134083
39025,Ohio,Clermont,206428
39027,Ohio,Clinton,41968
39029,Ohio,Columbiana,101883
39031,Ohio,Coshocton,36600
39033,Ohio,Crawford,41494
39035,Ohio,Cuyahoga,1235072
39037,Ohio,Darke,51113
39039,Ohio,Defiance,38087
39041,Ohio,Delaware,209177
39043,Ohio,Erie,74266
39045,Ohio,Fairfield,157574
39047,Ohio,Fayette,28525
39049,Ohio,Franklin,1316756
39051,Ohio,Fulton,42126
39053,Ohio,Gallia,29898
39055,Ohio,Geauga,93649
39057,Ohio,Greene,168937
39059,Ohio,Guernsey,38875
39061,Ohio,Hamilton,817473
39063,Ohio,Hancock,75783
39065,Ohio,Hardin,31365
39067,Ohio,Harrison,15040
39069,Ohio,Henry,27006
39071,Ohio,Highland,43161
39073,Ohio,Hocking,28264
39075,Ohio,Holmes,43960
39077,Ohio,Huron,58266
39079,Ohio,Jackson,32413
39081,Ohio,Jefferson,65325
39083,Ohio,Knox,62322
39085,Ohio,Lake,230149
39087,Ohio,Lawrence,59463
39089,Ohio,Licking,176862
39091,Ohio,Logan,45672
39093,Ohio,Lorain,309833
39095,Ohio,Lucas,428348
39097,Ohio,Madison,44731
39099,Ohio,Mahoning,228683
39101,Ohio,Marion,65093
39103,Ohio,Medina,179746
39105,Ohio,Meigs,22907
39107,Ohio,Mercer,41172
39109,Ohio,Miami,106987
39111,Ohio,Monroe,13654
39113,Ohio,Montgomery,531687
39115,Ohio,Morgan,14508
39117,Ohio,Morrow,35328
39119,Ohio,Muskingum,86215
39121,Ohio,Noble,14424
39123,Ohio,Ottawa,40525
39125,Ohio,Paulding,18672
39127,Ohio,Perry,36134
39129,Ohio,Pickaway,58457
39131,Ohio,Pike,27772
39133,Ohio,Portage,162466
39135,Ohio,Preble,40882
39137,Ohio,Putnam,33861
39139,Ohio,Richland,121154
39141,Ohio,Ross,76666
39143,Ohio,Sandusky,58518
39145,Ohio,Scioto,75314
39147,Ohio,Seneca,55178
39149,Ohio,Shelby,48590
39151,Ohio,Stark,370606
39153,Ohio,Summit,541013
39155,Ohio,Trumbull,197974
39157,Ohio,Tuscarawas,91987
39159,Ohio,Union,58988
39161,Ohio,Van Wert,28275
39163,Ohio,Vinton,13085
39165,Ohio,Warren,234602
39167,Ohio,Washington,59911
39169,Ohio,Wayne,115710
39171,Ohio,Williams,36692
39173,Ohio,Wood,130817
39175,Ohio,Wyandot,21772
40,Oklahoma,Oklahoma,3956971
40001,Oklahoma,Adair,22194
40003,Oklahoma,Alfalfa,5702
40005,Oklahoma,Atoka,13758
40007,Oklahoma,Beaver,5311
40009,Oklahoma,Beckham,21859
40011,Oklahoma,Blaine,9429
40013,Oklahoma,Bryan,47995
40015,Oklahoma,Caddo,28762
40017,Oklahoma,Canadian,148306
40019,Oklahoma,Carter,48111
40021,Oklahoma,Cherokee,48657
40023,Oklahoma,Choctaw,14672
40025,Oklahoma,Cimarron,2137
40027,Oklahoma,Cleveland,284014
40029,Oklahoma,Coal,5495
40031,Oklahoma,Comanche,120749
40033,Oklahoma,Cotton,5666
40035,Oklahoma,Craig,14142
40037,Oklahoma,Creek,71522
40039,Oklahoma,Custer,29003
40041,Oklahoma,Delaware,43009
40043,Oklahoma,Dewey,4891
40045,Oklahoma,Ellis,3859
40047,Oklahoma,Garfield,61056
40049,Oklahoma,Garvin,27711
40051,Oklahoma,Grady,55834
40053,Oklahoma,Grant,4333
40055,Oklahoma,Greer,5712
40057,Oklahoma,Harmon,2653
40059,Oklahoma,Harper,3688
40061,Oklahoma,Haskell,12627
40063,Oklahoma,Hughes,13279
40065,Oklahoma,Jackson,24530
40067,Oklahoma,Jefferson,6002
40069,Oklahoma,Johnston,11085
40071,Oklahoma,Kay,43538
40073,Oklahoma,Kingfisher,15765
40075,Oklahoma,Kiowa,8708
40077,Oklahoma,Latimer,10073
40079,Oklahoma,Le Flore,49853
40081,Oklahoma,Lincoln,34877
40083,Oklahoma,Logan,48011
40085,Oklahoma,Love,10253
40087,Oklahoma,McClain,40474
40089,Oklahoma,McCurtain,32832
40091,Oklahoma,McIntosh,19596
40093,Oklahoma,Major,7629
40095,Oklahoma,Marshall,16931
40097,Oklahoma,Mayes,41100
40099,Oklahoma,Murray,14073
40101,Oklahoma,Muskogee,67997
40103,Oklahoma,Noble,11131
40105,Oklahoma,Nowata,10076
40107,Oklahoma,Okfuskee,11993
40109,Oklahoma,Oklahoma,797434
40111,Oklahoma,Okmulgee,38465
40113,Oklahoma,Osage,46963
40115,Oklahoma,Ottawa,31127
40117,Oklahoma,Pawnee,16376
40119,Oklahoma,Payne,81784
40121,Oklahoma,Pittsburg,43654
40123,Oklahoma,Pontotoc,38284
40125,Oklahoma,Pottawatomie,72592
40127,Oklahoma,Pushmataha,11096
40129,Oklahoma,Roger Mills,3583
40131,Oklahoma,Rogers,92459
40133,Oklahoma,Seminole,24258
40135,Oklahoma,Sequoyah,41569
40137,Oklahoma,Stephens,43143
40139,Oklahoma,Texas,19983
40141,Oklahoma,Tillman,7250
40143,Oklahoma,Tulsa,651552
40145,Oklahoma,Wagoner,81289
40147,Oklahoma,Washington,51527
40149,Oklahoma,Washita,10916
40151,Oklahoma,Woods,8793
40153,Oklahoma,Woodward,20211
41,Oregon,Oregon,4217737
41001,Oregon,Baker,16124
41003,Oregon,Benton,93053
41005,Oregon,Clackamas,418187
41007,Oregon,Clatsop,40224
41009,Oregon,Columbia,52354
41011,Oregon,Coos,64487
41013,Oregon,Crook,24404
41015,Oregon,Curry,22925
41017,Oregon,Deschutes,197692
41019,Oregon,Douglas,110980
41021,Oregon,Gilliam,1912
41023,Oregon,Grant,7199
41025,Oregon,Harney,7393
41027,Oregon,Hood River,23382
41029,Oregon,Jackson,220944
41031,Oregon,Jefferson,24658
41033,Oregon,Josephine,87487
41035,Oregon,Klamath,68238
41037,Oregon,Lake,7869
41039,Oregon,Lane,382067
41041,Oregon,Lincoln,49962
41043,Oregon,Linn,129749
41045,Oregon,Malheur,30571
41047,Oregon,Marion,347818
41049,Oregon,Morrow,11603
41051,Oregon,Multnomah,812855
41053,Oregon,Polk,86085
41055,Oregon,Sherman,1780
41057,Oregon,Tillamook,27036
41059,Oregon,Umatilla,77950
41061,Oregon,Union,26835
41063,Oregon,Wallowa,7208
41065,Oregon,Wasco,26682
41067,Oregon,Washington,601592
41069,Oregon,Wheeler,1332
41071,Oregon,Yamhill,107100
42,Pennsylvania,Pennsylvania,12801989
42001,Pennsylvania,Adams,103009
42003,Pennsylvania,Allegheny,1216045
42005,Pennsylvania,Armstrong,64735
42007,Pennsylvania,Beaver,163929
42009,Pennsylvania,Bedford,47888
42011,Pennsylvania,Berks,421164
42013,Pennsylvania,Blair,121829
42015,Pennsylvania,Bradford,60323
42017,Pennsylvania,Bucks,628270
42019,Pennsylvania,Butler,187853
42021,Pennsylvania,Cambria,130192
42023,Pennsylvania,Cameron,4447
42025,Pennsylvania,Carbon,64182
42027,Pennsylvania,Centre,162385
42029,Pennsylvania,Chester,524989
42031,Pennsylvania,Clarion,38438
42033,Pennsylvania,Clearfield,79255
42035,Pennsylvania,Clinton,38632
42037,Pennsylvania,Columbia,64964
42039,Pennsylvania,Crawford,84629
42041,Pennsylvania,Cumberland,253370
42043,Pennsylvania,Dauphin,278299
42045,Pennsylvania,Delaware,566747
42047,Pennsylvania,Elk,29910
42049,Pennsylvania,Erie,269728
42051,Pennsylvania,Fayette,129274
42053,Pennsylvania,Forest,7247
42055,Pennsylvania,Franklin,155027
42057,Pennsylvania,Fulton,14530
42059,Pennsylvania,Greene,36233
42061,Pennsylvania,Huntingdon,45144
42063,Pennsylvania,Indiana,84073
42065,Pennsylvania,Jefferson,43425
42067,Pennsylvania,Juniata,24763
42069,Pennsylvania,Lackawanna,209674
42071,Pennsylvania,Lancaster,545724
42073,Pennsylvania,Lawrence,85512
42075,Pennsylvania,Lebanon,141793
42077,Pennsylvania,Lehigh,369318
42079,Pennsylvania,Luzerne,317417
42081,Pennsylvania,Lycoming,113299
42083,Pennsylvania,McKean,40625
42085,Pennsylvania,Mercer,109424
42087,Pennsylvania,Mifflin,46138
42089,Pennsylvania,Monroe,170271
42091,Pennsylvania,Montgomery,830915
42093,Pennsylvania,Montour,18230
42095,Pennsylvania,Northampton,305285
42097,Pennsylvania,Northumberland,90843
42099,Pennsylvania,Perry,46272
42101,Pennsylvania,Philadelphia,1584064
42103,Pennsylvania,Pike,55809
42105,Pennsylvania,Potter,16526
42107,Pennsylvania,Schuylkill,141359
42109,Pennsylvania,Snyder,40372
42111,Pennsylvania,Somerset,73447
42113,Pennsylvania,Sullivan,6066
42115,Pennsylvania,Susquehanna,40328
42117,Pennsylvania,Tioga,40591
42119,Pennsylvania,Union,44923
42121,Pennsylvania,Venango,50668
42123,Pennsylvania,Warren,39191
42125,Pennsylvania,Washington,206865
42127,Pennsylvania,Wayne,51361
42129,Pennsylvania,Westmoreland,348899
42131,Pennsylvania,Wyoming,26794
42133,Pennsylvania,York,449058
44,Rhode Island,Rhode Island,1059361
44001,Rhode Island,Bristol,48479
44003,Rhode Island,Kent,164292
44005,Rhode Island,Newport,82082
44007,Rhode Island,Providence,638931
44009,Rhode Island,Washington,125577
45,South Carolina,South Carolina,5148714
45001,South Carolina,Abbeville,24527
45003,South Carolina,Aiken,170872
45005,South Carolina,Allendale,8688
45007,South Carolina,Anderson,202558
45009,South Carolina,Bamberg,14066
45011,South Carolina,Barnwell,20866
45013,South Carolina,Beaufort,192122
45015,South Carolina,Berkeley,227907
45017,South Carolina,Calhoun,14553
45019,South Carolina,Charleston,411406
45021,South Carolina,Cherokee,57300
45023,South Carolina,Chester,32244
45025,South Carolina,Chesterfield,45650
45027,South Carolina,Clarendon,33745
45029,South Carolina,Colleton,37677
45031,South Carolina,Darlington,66618
45033,South Carolina,Dillon,30479
45035,South Carolina,Dorchester,162809
45037,South Carolina,Edgefield,27260
45039,South Carolina,Fairfield,22347
45041,South Carolina,Florence,138293
45043,South Carolina,Georgetown,62680
45045,South Carolina,Greenville,523542
45047,South Carolina,Greenwood,70811
45049,South Carolina,Hampton,19222
45051,South Carolina,Horry,354081
45053,South Carolina,Jasper,30073
45055,South Carolina,Kershaw,66551
45057,South Carolina,Lancaster,98012
45059,South Carolina,Laurens,67493
45061,South Carolina,Lee,16828
45063,South Carolina,Lexington,298750
45065,South Carolina,McCormick,9463
45067,South Carolina,Marion,30657
45069,South Carolina,Marlboro,26118
45071,South Carolina,Newberry,38440
45073,South Carolina,Oconee,79546
45075,South Carolina,Orangeburg,86175
45077,South Carolina,Pickens,126884
45079,South Carolina,Richland,415759
45081,South Carolina,Saluda,20473
45083,South Carolina,Spartanburg,319785
45085,South Carolina,Sumter,106721
45087,South Carolina,Union,27316
45089,South Carolina,Williamsburg,30368
45091,South Carolina,York,280979
46,South Dakota,South Dakota,884659
46003,South Dakota,Aurora,2751
46005,South Dakota,Beadle,18453
46007,South Dakota,Bennett,3365
46009,South Dakota,Bon Homme,6901
46011,South Dakota,Brookings,35077
46013,South Dakota,Brown,38839
46015,South Dakota,Brule,5297
46017,South Dakota,Buffalo,1962
46019,South Dakota,Butte,10429
46021,South Dakota,Campbell,1376
46023,South Dakota,Charles Mix,9292
46025,South Dakota,Clark,3736
46027,South Dakota,Clay,14070
46029,South Dakota,Codington,28009
46031,South Dakota,Corson,4086
46033,South Dakota,Custer,8972
46035,South Dakota,Davison,19775
46037,South Dakota,Day,5424
46039,South Dakota,Deuel,4351
46041,South Dakota,Dewey,5892
46043,South Dakota,Douglas,2921
46045,South Dakota,Edmunds,3829
46047,South Dakota,Fall River,6713
46049,South Dakota,Faulk,2299
46051,South Dakota,Grant,7052
46053,South Dakota,Gregory,4185
46055,South Dakota,Haakon,1899
46057,South Dakota,Hamlin,6164
46059,South Dakota,Hand,3191
46061,South Dakota,Hanson,3453
46063,South Dakota,Harding,1298
46065,South Dakota,Hughes,17526
46067,South Dakota,Hutchinson,7291
46069,South Dakota,Hyde,1301
46071,South Dakota,Jackson,3344
46073,South Dakota,Jerauld,2013
46075,South Dakota,Jones,903
46077,South Dakota,Kingsbury,4939
46079,South Dakota,Lake,12797
46081,South Dakota,Lawrence,25844
46083,South Dakota,Lincoln,61128
46085,South Dakota,Lyman,3781
46087,South Dakota,McCook,5586
46089,South Dakota,McPherson,2379
46091,South Dakota,Marshall,4935
46093,South Dakota,Meade,28332
46095,South Dakota,Mellette,2061
46097,South Dakota,Miner,2216
46099,South Dakota,Minnehaha,193134
46101,South Dakota,Moody,6576
46102,South Dakota,Oglala Lakota,14177
46103,South Dakota,Pennington,113775
46105,South Dakota,Perkins,2865
46107,South Dakota,Potter,2153
46109,South Dakota,Roberts,10394
46111,South Dakota,Sanborn,2344
46115,South Dakota,Spink,6376
46117,South Dakota,Stanley,3098
46119,South Dakota,Sully,1391
46121,South Dakota,Todd,10177
46123,South Dakota,Tripp,5441
46125,South Dakota,Turner,8384
46127,South Dakota,Union,15932
46129,South Dakota,Walworth,5435
46135,South Dakota,Yankton,22814
46137,South Dakota,Ziebach,2756
47,Tennessee,Tennessee,6829174
47001,Tennessee,Anderson,76978
47003,Tennessee,Bedford,49713
47005,Tennessee,Benton,16160
47007,Tennessee,Bledsoe,15064
47009,Tennessee,Blount,133088
47011,Tennessee,Bradley,108110
47013,Tennessee,Campbell,39842
47015,Tennessee,Cannon,14678
47017,Tennessee,Carroll,27767
47019,Tennessee,Carter,56391
47021,Tennessee,Cheatham,40667
47023,Tennessee,Chester,17297
47025,Tennessee,Claiborne,31959
47027,Tennessee,Clay,7615
47029,Tennessee,Cocke,36004
47031,Tennessee,Coffee,56520
47033,Tennessee,Crockett,14230
47035,Tennessee,Cumberland,60520
47037,Tennessee,Davidson,694144
47039,Tennessee,Decatur,11663
47041,Tennessee,DeKalb,20490
47043,Tennessee,Dickson,53948
47045,Tennessee,Dyer,37159
47047,Tennessee,Fayette,41133
47049,Tennessee,Fentress,18523
47051,Tennessee,Franklin,42208
47053,Tennessee,Gibson,49133
47055,Tennessee,Giles,29464
47057,Tennessee,Grainger,23320
47059,Tennessee,Greene,69069
47061,Tennessee,Grundy,13427
47063,Tennessee,Hamblen,64934
47065,Tennessee,Hamilton,367804
47067,Tennessee,Hancock,6620
47069,Tennessee,Hardeman,25050
47071,Tennessee,Hardin,25652
47073,Tennessee,Hawkins,56786
47075,Tennessee,Haywood,17304
47077,Tennessee,Henderson,28117
47079,Tennessee,Henry,32345
47081,Tennessee,Hickman,25178
47083,Tennessee,Houston,8201
47085,Tennessee,Humphreys,18582
47087,Tennessee,Jackson,11786
47089,Tennessee,Jefferson,54495
47091,Tennessee,Johnson,17788
47093,Tennessee,Knox,470313
47095,Tennessee,Lake,7016
47097,Tennessee,Lauderdale,25633
47099,Tennessee,Lawrence,44142
47101,Tennessee,Lewis,12268
47103,Tennessee,Lincoln,34366
47105,Tennessee,Loudon,54068
47107,Tennessee,McMinn,53794
47109,Tennessee,McNairy,25694
47111,Tennessee,Macon,24602
47113,Tennessee,Madison,97984
47115,Tennessee,Marion,28907
47117,Tennessee,Marshall,34375
47119,Tennessee,Maury,96387
47121,Tennessee,Meigs,12422
47123,Tennessee,Monroe,46545
47125,Tennessee,Montgomery,208993
47127,Tennessee,Moore,6488
47129,Tennessee,Morgan,21403
47131,Tennessee,Obion,30069
47133,Tennessee,Overton,22241
47135,Tennessee,Perry,8076
47137,Tennessee,Pickett,5048
47139,Tennessee,Polk,16832
47141,Tennessee,Putnam,80245
47143,Tennessee,Rhea,33167
47145,Tennessee,Roane,53382
47147,Tennessee,Robertson,71813
47149,Tennessee,Rutherford,332285
47151,Tennessee,Scott,22068
47153,Tennessee,Sequatchie,15026
47155,Tennessee,Sevier,98250
47157,Tennessee,Shelby,937166
47159,Tennessee,Smith,20157
47161,Tennessee,Stewart,13715
47163,Tennessee,Sullivan,158348
47165,Tennessee,Sumner,191283
47167,Tennessee,Tipton,61599
47169,Tennessee,Trousdale,11284
47171,Tennessee,Unicoi,17883
47173,Tennessee,Union,19972
47175,Tennessee,Van Buren,5872
47177,Tennessee,Warren,41277
47179,Tennessee,Washington,129375
47181,Tennessee,Wayne,16673
47183,Tennessee,Weakley,33328
47185,Tennessee,White,27345
47187,Tennessee,Williamson,238412
47189,Tennessee,Wilson,144657
48,Texas,Texas,28995881
48001,Texas,Anderson,57735
48003,Texas,Andrews,18705
48005,Texas,Angelina,86715
48007,Texas,Aransas,23510
48009,Texas,Archer,8553
48011,Texas,Armstrong,1887
48013,Texas,Atascosa,51153
48015,Texas,Austin,30032
48017,Texas,Bailey,7000
48019,Texas,Bandera,23112
48021,Texas,Bastrop,88723
48023,Texas,Baylor,3509
48025,Texas,Bee,32565
48027,Texas,Bell,362924
48029,Texas,Bexar,2003554
48031,Texas,Blanco,11931
48033,Texas,Borden,654
48035,Texas,Bosque,18685
48037,Texas,Bowie,93245
48039,Texas,Brazoria,374264
48041,Texas,Brazos,229211
48043,Texas,Brewster,9203
48045,Texas,Briscoe,1546
48047,Texas,Brooks,7093
48049,Texas,Brown,37864
48051,Texas,Burleson,18443
48053,Texas,Burnet,48155
48055,Texas,Caldwell,43664
48057,Texas,Calhoun,21290
48059,Texas,Callahan,13943
48061,Texas,Cameron,423163
48063,Texas,Camp,13094
48065,Texas,Carson,5926
48067,Texas,Cass,30026
48069,Texas,Castro,7530
48071,Texas,Chambers,43837
48073,Texas,Cherokee,52646
48075,Texas,Childress,7306
48077,Texas,Clay,10471
48079,Texas,Cochran,2853
48081,Texas,Coke,3387
48083,Texas,Coleman,8175
48085,Texas,Collin,1034730
48087,Texas,Collingsworth,2920
48089,Texas,Colorado,21493
48091,Texas,Comal,156209
48093,Texas,Comanche,13635
48095,Texas,Concho,2726
48097,Texas,Cooke,41257
48099,Texas,Coryell,75951
48101,Texas,Cottle,1398
48103,Texas,Crane,4797
48105,Texas,Crockett,3464
48107,Texas,Crosby,5737
48109,Texas,Culberson,2171
48111,Texas,Dallam,7287
48113,Texas,Dallas,2635516
48115,Texas,Dawson,12728
48117,Texas,Deaf Smith,18546
48119,Texas,Delta,5331
48121,Texas,Denton,887207
48123,Texas,DeWitt,20160
48125,Texas,Dickens,2211
48127,Texas,Dimmit,10124
48129,Texas,Donley,3278
48131,Texas,Duval,11157
48133,Texas,Eastland,18360
48135,Texas,Ector,166223
48137,Texas,Edwards,1932
48139,Texas,Ellis,184826
48141,Texas,El Paso,839238
48143,Texas,Erath,42698
48145,Texas,Falls,17297
48147,Texas,Fannin,35514
48149,Texas,Fayette,25346
48151,Texas,Fisher,3830
48153,Texas,Floyd,5712
48155,Texas,Foard,1155
48157,Texas,Fort Bend,811688
48159,Texas,Franklin,10725
48161,Texas,Freestone,19717
48163,Texas,Frio,20306
48165,Texas,Gaines,21492
48167,Texas,Galveston,342139
48169,Texas,Garza,6229
48171,Texas,Gillespie,26988
48173,Texas,Glasscock,1409
48175,Texas,Goliad,7658
48177,Texas,Gonzales,20837
48179,Texas,Gray,21886
48181,Texas,Grayson,136212
48183,Texas,Gregg,123945
48185,Texas,Grimes,28880
48187,Texas,Guadalupe,166847
48189,Texas,Hale,33406
48191,Texas,Hall,2964
48193,Texas,Hamilton,8461
48195,Texas,Hansford,5399
48197,Texas,Hardeman,3933
48199,Texas,Hardin,57602
48201,Texas,Harris,4713325
48203,Texas,Harrison,66553
48205,Texas,Hartley,5576
48207,Texas,Haskell,5658
48209,Texas,Hays,230191
48211,Texas,Hemphill,3819
48213,Texas,Henderson,82737
48215,Texas,Hidalgo,868707
48217,Texas,Hill,36649
48219,Texas,Hockley,23021
48221,Texas,Hood,61643
48223,Texas,Hopkins,37084
48225,Texas,Houston,22968
48227,Texas,Howard,36664
48229,Texas,Hudspeth,4886
48231,Texas,Hunt,98594
48233,Texas,Hutchinson,20938
48235,Texas,Irion,1536
48237,Texas,Jack,8935
48239,Texas,Jackson,14760
48241,Texas,Jasper,35529
48243,Texas,Jeff Davis,2274
48245,Texas,Jefferson,251565
48247,Texas,Jim Hogg,5200
48249,Texas,Jim Wells,40482
48251,Texas,Johnson,175817
48253,Texas,Jones,20083
48255,Texas,Karnes,15601
48257,Texas,Kaufman,136154
48259,Texas,Kendall,47431
48261,Texas,Kenedy,404
48263,Texas,Kent,762
48265,Texas,Kerr,52600
48267,Texas,Kimble,4337
48269,Texas,King,272
48271,Texas,Kinney,3667
48273,Texas,Kleberg,30680
48275,Texas,Knox,3664
48277,Texas,Lamar,49859
48279,Texas,Lamb,12893
48281,Texas,Lampasas,21428
48283,Texas,La Salle,7520
48285,Texas,Lavaca,20154
48287,Texas,Lee,17239
48289,Texas,Leon,17404
48291,Texas,Liberty,88219
48293,Texas,Limestone,23437
48295,Texas,Lipscomb,3233
48297,Texas,Live Oak,12207
48299,Texas,Llano,21795
48301,Texas,Loving,169
48303,Texas,Lubbock,310569
48305,Texas,Lynn,5951
48307,Texas,McCulloch,7984
48309,Texas,McLennan,256623
48311,Texas,McMullen,743
48313,Texas,Madison,14284
48315,Texas,Marion,9854
48317,Texas,Martin,5771
48319,Texas,Mason,4274
48321,Texas,Matagorda,36643
48323,Texas,Maverick,58722
48325,Texas,Medina,51584
48327,Texas,Menard,2138
48329,Texas,Midland,176832
48331,Texas,Milam,24823
48333,Texas,Mills,4873
48335,Texas,Mitchell,8545
48337,Texas,Montague,19818
48339,Texas,Montgomery,607391
48341,Texas,Moore,20940
48343,Texas,Morris,12388
48345,Texas,Motley,1200
48347,Texas,Nacogdoches,65204
48349,Texas,Navarro,50113
48351,Texas,Newton,13595
48353,Texas,Nolan,14714
48355,Texas,Nueces,362294
48357,Texas,Ochiltree,9836
48359,Texas,Oldham,2112
48361,Texas,Orange,83396
48363,Texas,Palo Pinto,29189
48365,Texas,Panola,23194
48367,Texas,Parker,142878
48369,Texas,Parmer,9605
48371,Texas,Pecos,15823
48373,Texas,Polk,51353
48375,Texas,Potter,117415
48377,Texas,Presidio,6704
48379,Texas,Rains,12514
48381,Texas,Randall,137713
48383,Texas,Reagan,3849
48385,Texas,Real,3452
48387,Texas,Red River,12023
48389,Texas,Reeves,15976
48391,Texas,Refugio,6948
48393,Texas,Roberts,854
48395,Texas,Robertson,17074
48397,Texas,Rockwall,104915
48399,Texas,Runnels,10264
48401,Texas,Rusk,54406
48403,Texas,Sabine,10542
48405,Texas,San Augustine,8237
48407,Texas,San Jacinto,28859
48409,Texas,San Patricio,66730
48411,Texas,San Saba,6055
48413,Texas,Schleicher,2793
48415,Texas,Scurry,16703
48417,Texas,Shackelford,3265
48419,Texas,Shelby,25274
48421,Texas,Sherman,3022
48423,Texas,Smith,232751
48425,Texas,Somervell,9128
48427,Texas,Starr,64633
48429,Texas,Stephens,9366
48431,Texas,Sterling,1291
48433,Texas,Stonewall,1350
48435,Texas,Sutton,3776
48437,Texas,Swisher,7397
48439,Texas,Tarrant,2102515
48441,Texas,Taylor,138034
48443,Texas,Terrell,776
48445,Texas,Terry,12337
48447,Texas,Throckmorton,1501
48449,Texas,Titus,32750
48451,Texas,Tom Green,119200
48453,Texas,Travis,1273954
48455,Texas,Trinity,14651
48457,Texas,Tyler,21672
48459,Texas,Upshur,41753
48461,Texas,Upton,3657
48463,Texas,Uvalde,26741
48465,Texas,Val Verde,49025
48467,Texas,Van Zandt,56590
48469,Texas,Victoria,92084
48471,Texas,Walker,72971
48473,Texas,Waller,55246
48475,Texas,Ward,11998
48477,Texas,Washington,35882
48479,Texas,Webb,276652
48481,Texas,Wharton,41556
48483,Texas,Wheeler,5056
48485,Texas,Wichita,132230
48487,Texas,Wilbarger,12769
48489,Texas,Willacy,21358
48491,Texas,Williamson,590551
48493,Texas,Wilson,51070
48495,Texas,Winkler,8010
48497,Texas,Wise,69984
48499,Texas,Wood,45539
48501,Texas,Yoakum,8713
48503,Texas,Young,18010
48505,Texas,Zapata,14179
48507,Texas,Zavala,11840
49,Utah,Utah,3205958
49001,Utah,Beaver,6710
49003,Utah,Box Elder,56046
49005,Utah,Cache,128289
49007,Utah,Carbon,20463
49009,Utah,Daggett,950
49011,Utah,Davis,355481
49013,Utah,Duchesne,19938
49015,Utah,Emery,10012
49017,Utah,Garfield,5051
49019,Utah,Grand,9754
49021,Utah,Iron,54839
49023,Utah,Juab,12017
49025,Utah,Kane,7886
49027,Utah,Millard,13188
49029,Utah,Morgan,12124
49031,Utah,Piute,1479
49033,Utah,Rich,2483
49035,Utah,Salt Lake,1160437
49037,Utah,San Juan,15308
49039,Utah,Sanpete,30939
49041,Utah,Sevier,21620
49043,Utah,Summit,42145
49045,Utah,Tooele,72259
49047,Utah,Uintah,35734
49049,Utah,Utah,636235
49051,Utah,Wasatch,34091
49053,Utah,Washington,177556
49055,Utah,Wayne,2711
49057,Utah,Weber,260213
50,Vermont,Vermont,623989
50001,Vermont,Addison,36777
50003,Vermont,Bennington,35470
50005,Vermont,Caledonia,29993
50007,Vermont,Chittenden,163774
50009,Vermont,Essex,6163
50011,Vermont,Franklin,49402
50013,Vermont,Grand Isle,7235
50015,Vermont,Lamoille,25362
50017,Vermont,Orange,28892
50019,Vermont,Orleans,27037
50021,Vermont,Rutland,58191
50023,Vermont,Washington,58409
50025,Vermont,Windham,42222
50027,Vermont,Windsor,55062
51,Virginia,Virginia,8535519
51001,Virginia,Accomack,32316
51003,Virginia,Albemarle,109330
51005,Virginia,Alleghany,14860
51007,Virginia,Amelia,13145
51009,Virginia,Amherst,31605
51011,Virginia,Appomattox,15911
51013,Virginia,Arlington,236842
51015,Virginia,Augusta,75558
51017,Virginia,Bath,4147
51019,Virginia,Bedford,78997
51021,Virginia,Bland,6280
51023,Virginia,Botetourt,33419
51025,Virginia,Brunswick,16231
51027,Virginia,Buchanan,21004
51029,Virginia,Buckingham,17148
51031,Virginia,Campbell,54885
51033,Virginia,Caroline,30725
51035,Virginia,Carroll,29791
51036,Virginia,Charles City,6963
51037,Virginia,Charlotte,11880
51041,Virginia,Chesterfield,352802
51043,Virginia,Clarke,14619
51045,Virginia,Craig,5131
51047,Virginia,Culpeper,52605
51049,Virginia,Cumberland,9932
51051,Virginia,Dickenson,14318
51053,Virginia,Dinwiddie,28544
51057,Virginia,Essex,10953
51059,Virginia,Fairfax,1147532
51061,Virginia,Fauquier,71222
51063,Virginia,Floyd,15749
51065,Virginia,Fluvanna,27270
51067,Virginia,Franklin,56042
51069,Virginia,Frederick,89313
51071,Virginia,Giles,16720
51073,Virginia,Gloucester,37348
51075,Virginia,Goochland,23753
51077,Virginia,Grayson,15550
51079,Virginia,Greene,19819
51081,Virginia,Greensville,11336
51083,Virginia,Halifax,33911
51085,Virginia,Hanover,107766
51087,Virginia,Henrico,330818
51089,Virginia,Henry,50557
51091,Virginia,Highland,2190
51093,Virginia,Isle of Wight,37109
51095,Virginia,James City,76523
51097,Virginia,King and Queen,7025
51099,Virginia,King George,26836
51101,Virginia,King William,17148
51103,Virginia,Lancaster,10603
51105,Virginia,Lee,23423
51107,Virginia,Loudoun,413538
51109,Virginia,Louisa,37591
51111,Virginia,Lunenburg,12196
51113,Virginia,Madison,13261
51115,Virginia,Mathews,8834
51117,Virginia,Mecklenburg,30587
51119,Virginia,Middlesex,10582
51121,Virginia,Montgomery,98535
51125,Virginia,Nelson,14930
51127,Virginia,New Kent,23091
51131,Virginia,Northampton,11710
51133,Virginia,Northumberland,12095
51135,Virginia,Nottoway,15232
51137,Virginia,Orange,37051
51139,Virginia,Page,23902
51141,Virginia,Patrick,17608
51143,Virginia,Pittsylvania,60354
51145,Virginia,Powhatan,29652
51147,Virginia,Prince Edward,22802
51149,Virginia,Prince George,38353
51153,Virginia,Prince William,470335
51155,Virginia,Pulaski,34027
51157,Virginia,Rappahannock,7370
51159,Virginia,Richmond,9023
51161,Virginia,Roanoke,94186
51163,Virginia,Rockbridge,22573
51165,Virginia,Rockingham,81948
51167,Virginia,Russell,26586
51169,Virginia,Scott,21566
51171,Virginia,Shenandoah,43616
51173,Virginia,Smyth,30104
51175,Virginia,Southampton,17631
51177,Virginia,Spotsylvania,136215
51179,Virginia,Stafford,152882
51181,Virginia,Surry,6422
51183,Virginia,Sussex,11159
51185,Virginia,Tazewell,40595
51187,Virginia,Warren,40164
51191,Virginia,Washington,53740
51193,Virginia,Westmoreland,18015
51195,Virginia,Wise,37383
51197,Virginia,Wythe,28684
51199,Virginia,York,68280
51510,Virginia,Alexandria city,159428
51520,Virginia,Bristol city,16762
51530,Virginia,Buena Vista city,6478
51540,Virginia,Charlottesville city,47266
51550,Virginia,Chesapeake city,244835
51570,Virginia,Colonial Heights city,17370
51580,Virginia,Covington city,5538
51590,Virginia,Danville city,40044
51595,Virginia,Emporia city,5346
51600,Virginia,Fairfax city,24019
51610,Virginia,Falls Church city,14617
51620,Virginia,Franklin city,7967
51630,Virginia,Fredericksburg city,29036
51640,Virginia,Galax city,6347
51650,Virginia,Hampton city,134510
51660,Virginia,Harrisonburg city,53016
51670,Virginia,Hopewell city,22529
51678,Virginia,Lexington city,7446
51680,Virginia,Lynchburg city,82168
51683,Virginia,Manassas city,41085
51685,Virginia,Manassas Park city,17478
51690,Virginia,Martinsville city,12554
51700,Virginia,Newport News city,179225
51710,Virginia,Norfolk city,242742
51720,Virginia,Norton city,3981
51730,Virginia,Petersburg city,31346
51735,Virginia,Poquoson city,12271
51740,Virginia,Portsmouth city,94398
51750,Virginia,Radford city,18249
51760,Virginia,Richmond city,230436
51770,Virginia,Roanoke city,99143
51775,Virginia,Salem city,25301
51790,Virginia,Staunton city,24932
51800,Virginia,Suffolk city,92108
51810,Virginia,Virginia Beach city,449974
51820,Virginia,Waynesboro city,22630
51830,Virginia,Williamsburg city,14954
51840,Virginia,Winchester city,28078
53,Washington,Washington,7614893
53001,Washington,Adams,19983
53003,Washington,Asotin,22582
53005,Washington,Benton,204390
53007,Washington,Chelan,77200
53009,Washington,Clallam,77331
53011,Washington,Clark,488241
53013,Washington,Columbia,3985
53015,Washington,Cowlitz,110593
53017,Washington,Douglas,43429
53019,Washington,Ferry,7627
53021,Washington,Franklin,95222
53023,Washington,Garfield,2225
53025,Washington,Grant,97733
53027,Washington,Grays Harbor,75061
53029,Washington,Island,85141
53031,Washington,Jefferson,32221
53033,Washington,King,2252782
53035,Washington,Kitsap,271473
53037,Washington,Kittitas,47935
53039,Washington,Klickitat,22425
53041,Washington,Lewis,80707
53043,Washington,Lincoln,10939
53045,Washington,Mason,66768
53047,Washington,Okanogan,42243
53049,Washington,Pacific,22471
53051,Washington,Pend Oreille,13724
53053,Washington,Pierce,904980
53055,Washington,San Juan,17582
53057,Washington,Skagit,129205
53059,Washington,Skamania,12083
53061,Washington,Snohomish,822083
53063,Washington,Spokane,522798
53065,Washington,Stevens,45723
53067,Washington,Thurston,290536
53069,Washington,Wahkiakum,4488
53071,Washington,Walla Walla,60760
53073,Washington,Whatcom,229247
53075,Washington,Whitman,50104
53077,Washington,Yakima,250873
54,West Virginia,West Virginia,1792147
54001,West Virginia,Barbour,16441
54003,West Virginia,Berkeley,119171
54005,West Virginia,Boone,21457
54007,West Virginia,Braxton,13957
54009,West Virginia,Brooke,21939
54011,West Virginia,Cabell,91945
54013,West Virginia,Calhoun,7109
54015,West Virginia,Clay,8508
54017,West Virginia,Doddridge,8448
54019,West Virginia,Fayette,42406
54021,West Virginia,Gilmer,7823
54023,West Virginia,Grant,11568
54025,West Virginia,Greenbrier,34662
54027,West Virginia,Hampshire,23175
54029,West Virginia,Hancock,28810
54031,West Virginia,Hardy,13776
54033,West Virginia,Harrison,67256
54035,West Virginia,Jackson,28576
54037,West Virginia,Jefferson,57146
54039,West Virginia,Kanawha,178124
54041,West Virginia,Lewis,15907
54043,West Virginia,Lincoln,20409
54045,West Virginia,Logan,32019
54047,West Virginia,McDowell,17624
54049,West Virginia,Marion,56072
54051,West Virginia,Marshall,30531
54053,West Virginia,Mason,26516
54055,West Virginia,Mercer,58758
54057,West Virginia,Mineral,26868
54059,West Virginia,Mingo,23424
54061,West Virginia,Monongalia,105612
54063,West Virginia,Monroe,13275
54065,West Virginia,Morgan,17884
54067,West Virginia,Nicholas,24496
54069,West Virginia,Ohio,41411
54071,West Virginia,Pendleton,6969
54073,West Virginia,Pleasants,7460
54075,West Virginia,Pocahontas,8247
54077,West Virginia,Preston,33432
54079,West Virginia,Putnam,56450
54081,West Virginia,Raleigh,73361
54083,West Virginia,Randolph,28695
54085,West Virginia,Ritchie,9554
54087,West Virginia,Roane,13688
54089,West Virginia,Summers,12573
54091,West Virginia,Taylor,16695
54093,West Virginia,Tucker,6839
54095,West Virginia,Tyler,8591
54097,West Virginia,Upshur,24176
54099,West Virginia,Wayne,39402
54101,West Virginia,Webster,8114
54103,West Virginia,Wetzel,15065
54105,West Virginia,Wirt,5821
54107,West Virginia,Wood,83518
54109,West Virginia,Wyoming,20394
55,Wisconsin,Wisconsin,5822434
55001,Wisconsin,Adams,20220
55003,Wisconsin,Ashland,15562
55005,Wisconsin,Barron,45244
55007,Wisconsin,Bayfield,15036
55009,Wisconsin,Brown,264542
55011,Wisconsin,Buffalo,13031
55013,Wisconsin,Burnett,15414
55015,Wisconsin,Calumet,50089
55017,Wisconsin,Chippewa,64658
55019,Wisconsin,Clark,34774
55021,Wisconsin,Columbia,57532
55023,Wisconsin,Crawford,16131
55025,Wisconsin,Dane,546695
55027,Wisconsin,Dodge,87839
55029,Wisconsin,Door,27668
55031,Wisconsin,Douglas,43150
55033,Wisconsin,Dunn,45368
55035,Wisconsin,Eau Claire,104646
55037,Wisconsin,Florence,4295
55039,Wisconsin,Fond du Lac,103403
55041,Wisconsin,Forest,9004
55043,Wisconsin,Grant,51439
55045,Wisconsin,Green,36960
55047,Wisconsin,Green Lake,18913
55049,Wisconsin,Iowa,23678
55051,Wisconsin,Iron,5687
55053,Wisconsin,Jackson,20643
55055,Wisconsin,Jefferson,84769
55057,Wisconsin,Juneau,26687
55059,Wisconsin,Kenosha,169561
55061,Wisconsin,Kewaunee,20434
55063,Wisconsin,La Crosse,118016
55065,Wisconsin,Lafayette,16665
55067,Wisconsin,Langlade,19189
55069,Wisconsin,Lincoln,27593
55071,Wisconsin,Manitowoc,78981
55073,Wisconsin,Marathon,135692
55075,Wisconsin,Marinette,40350
55077,Wisconsin,Marquette,15574
55078,Wisconsin,Menominee,4556
55079,Wisconsin,Milwaukee,945726
55081,Wisconsin,Monroe,46253
55083,Wisconsin,Oconto,37930
55085,Wisconsin,Oneida,35595
55087,Wisconsin,Outagamie,187885
55089,Wisconsin,Ozaukee,89221
55091,Wisconsin,Pepin,7287
55093,Wisconsin,Pierce,42754
55095,Wisconsin,Polk,43783
55097,Wisconsin,Portage,70772
55099,Wisconsin,Price,13351
55101,Wisconsin,Racine,196311
55103,Wisconsin,Richland,17252
55105,Wisconsin,Rock,163354
55107,Wisconsin,Rusk,14178
55109,Wisconsin,St. Croix,90687
55111,Wisconsin,Sauk,64442
55113,Wisconsin,Sawyer,16558
55115,Wisconsin,Shawano,40899
55117,Wisconsin,Sheboygan,115340
55119,Wisconsin,Taylor,20343
55121,Wisconsin,Trempealeau,29649
55123,Wisconsin,Vernon,30822
55125,Wisconsin,Vilas,22195
55127,Wisconsin,Walworth,103868
55129,Wisconsin,Washburn,15720
55131,Wisconsin,Washington,136034
55133,Wisconsin,Waukesha,404198
55135,Wisconsin,Waupaca,50990
55137,Wisconsin,Waushara,24443
55139,Wisconsin,Winnebago,171907
55141,Wisconsin,Wood,72999
56,Wyoming,Wyoming,578759
56001,Wyoming,Albany,38880
56003,Wyoming,Big Horn,11790
56005,Wyoming,Campbell,46341
56007,Wyoming,Carbon,14800
56009,Wyoming,Converse,13822
56011,Wyoming,Crook,7584
56013,Wyoming,Fremont,39261
56015,Wyoming,Goshen,13211
56017,Wyoming,Hot Springs,4413
56019,Wyoming,Johnson,8445
56021,Wyoming,Laramie,99500
56023,Wyoming,Lincoln,19830
56025,Wyoming,Natrona,79858
56027,Wyoming,Niobrara,2356
56029,Wyoming,Park,29194
56031,Wyoming,Platte,8393
56033,Wyoming,Sheridan,30485
56035,Wyoming,Sublette,9831
56037,Wyoming,Sweetwater,42343
56039,Wyoming,Teton,23464
56041,Wyoming,Uinta,20226
56043,Wyoming,Washakie,7805
56045,Wyoming,Weston,6927
66,Guam,Guam,164229
72,Puerto Rico,Puerto Rico,3195000
78,Virgin Islands,Virgin Islands,107268
69,Northern Mariana Islands,55,144
